Date,month,chg_stb,chg_sp,chg_sp(10),chg_sen,chg_sen(10),vol_relative,candle_size,tcount_rel,std (10),change (-1),change (-2),change (-3),change (-4),change (-5),y
2018-10-21,10,-0.0407229294227908,-0.0410456166372675,-0.0257785132113995,0.25,-0.2857142857142856,0.63095959638793,0.0771851748835269,0.6631777915980438,0.0456149271013669,-0.0417096229021988,-0.0017067653401381,-0.01213923673226,0.0312067640276709,0.040665129799178,0.039557745759022156
2018-10-28,10,-0.1842611434238756,0.000234900420291,-0.023118082222724,-0.1999999999999999,-0.3333333333333331,0.8505610621017414,0.2176882766975741,0.8796005392104888,0.0430207958987218,0.0395577457590221,-0.0417096229021988,-0.0017067653401381,-0.01213923673226,0.0312067640276709,-0.015201567196905574
2018-11-04,11,-0.0647521311862988,-0.0394142598038862,-0.0671688659815519,0.0,-0.1999999999999999,0.3025803761701297,0.0282240687574733,0.4512630234865214,0.0429186035949495,-0.0152015671969055,0.0395577457590221,-0.0417096229021988,-0.0017067653401381,-0.01213923673226,-0.0006286662568009138
2018-11-11,11,-0.0583015062994614,0.0242111716672495,-0.0527465570200613,0.25,0.0,0.2910380913542579,0.0431406810242944,0.588002594378825,0.0431732664105978,-0.0006286662568009,-0.0152015671969055,0.0395577457590221,-0.0417096229021988,-0.0017067653401381,-0.005556711919023738
2018-11-18,11,-0.017355198752381,0.0212812057024083,-0.0415334031817804,0.0,-0.1666666666666664,0.3231827354155002,0.0401103941657607,0.6990327850268668,0.0211909966297984,-0.0055567119190237,-0.0006286662568009,-0.0152015671969055,0.0395577457590221,-0.0417096229021988,-0.1221446833317571
2018-11-25,11,-0.0208589985379431,-0.0160876803751156,-0.0471535825718746,0.1999999999999999,0.1999999999999999,0.7827157390121952,0.1696836472264293,1.1443555374242884,0.0457701984993339,-0.1221446833317571,-0.0055567119190237,-0.0006286662568009,-0.0152015671969055,0.0395577457590221,-0.2783857294242317
2018-12-02,12,0.056665803446829,-0.0379019614292449,-0.0937768934725887,0.0,0.1999999999999999,1.4222079349028107,0.3552386637795526,1.8155469041523835,0.1290495783499016,-0.2783857294242317,-0.1221446833317571,-0.0055567119190237,-0.0006286662568009,-0.0152015671969055,0.018412640915565603
2018-12-09,12,0.0321635501449797,0.048473728993831,-0.0578563455952381,-0.1666666666666666,0.0,1.221608760863438,0.1861867737588323,1.5170272362815322,0.1685067534800376,0.0184126409155656,-0.2783857294242317,-0.1221446833317571,-0.0055567119190237,-0.0006286662568009,-0.14795446297894033
2018-12-16,12,0.0036345706395473,-0.0460442653894507,-0.0963973671747925,0.0,0.0,0.9440040922722488,0.2300176659335905,1.2932054884517188,0.2164752847031655,-0.1479544629789403,0.0184126409155656,-0.2783857294242317,-0.1221446833317571,-0.0055567119190237,-0.08932777114941459
2018-12-23,12,0.0073649194226501,-0.0125822230999438,-0.0989821768316144,0.0,0.25,0.5589644873588598,0.1278684736324464,0.8244424797743743,0.2603501219947652,-0.0893277711494145,-0.1479544629789403,0.0184126409155656,-0.2783857294242317,-0.1221446833317571,0.2171296540061387
2018-12-30,12,0.013192613276137,-0.0705128944787399,-0.1266691481787994,0.0,0.0,1.246958387676378,0.2861341128817485,1.7462096506182896,0.2746031973168838,0.2171296540061387,-0.0893277711494145,-0.1479544629789403,0.0184126409155656,-0.2783857294242317,-0.03252148377361186
2019-01-06,1,0.0068962496680029,0.0286019316235071,-0.101901162664663,0.0,0.25,0.8810880487969311,0.1687147397645118,1.406662203028508,0.2776200467971396,-0.0325214837736118,0.2171296540061387,-0.0893277711494145,-0.1479544629789403,0.0184126409155656,0.048841240323942436
2019-01-13,1,0.0238442332010833,0.018586014627435,-0.0476738544170255,0.0,0.25,0.6002822990180151,0.1044878941500662,0.9976626739202856,0.2648171613713396,0.0488412403239424,-0.0325214837736118,0.2171296540061387,-0.0893277711494145,-0.1479544629789403,-0.12809459323904104
2019-01-20,1,0.0495293538625039,0.025403445579279,-0.0465652611400412,-0.1999999999999999,-0.1999999999999999,0.7083636467629216,0.1576128116520631,1.1791442248324182,0.2411119670694426,-0.128094593239041,0.0488412403239424,-0.0325214837736118,0.2171296540061387,-0.0893277711494145,0.017967619743385566
2019-01-27,1,0.0359311939008286,0.0286758645127991,-0.0396618494719548,0.0,-0.1999999999999999,0.5765769949725591,0.0727464084012928,1.020394780171236,0.1710949130667255,0.0179676197433855,-0.128094593239041,0.0488412403239424,-0.0325214837736118,0.2171296540061387,0.0032662010352388915
2019-02-03,2,0.0042685466553316,-0.0022278719890964,-0.0261341168817406,0.0,-0.3333333333333332,0.4705862792592389,0.0644456750846222,0.8337456409548948,0.0819749979014783,0.0032662010352388,0.0179676197433855,-0.128094593239041,0.0488412403239424,-0.0325214837736118,-0.026114947449054293
2019-02-10,2,-0.0067590962489069,0.0156749575946801,0.0280981250189928,0.25,-0.1666666666666665,0.5702010408194242,0.0585428374248249,0.9203357847483415,0.0787328007687591,-0.0261149474490542,0.0032662010352388,0.0179676197433855,-0.128094593239041,0.0488412403239424,0.06418245804789313
2019-02-17,2,-0.0119836196723102,0.0004987936583005,-0.0189444853034415,-0.1999999999999999,-0.1999999999999999,0.6442901793870529,0.1042419124897704,0.9384266694110244,0.0640947151063606,0.0641824580478931,-0.0261149474490542,0.0032662010352388,0.0179676197433855,-0.128094593239041,-0.0033912490557219677
2019-02-24,2,-0.0117394947077414,0.0250084937294119,0.0541267261154236,0.25,0.0,0.5893095522468931,0.0358720021740607,0.8432578627020738,0.0635645157395297,-0.0033912490557219,0.0641824580478931,-0.0261149474490542,0.0032662010352388,0.0179676197433855,0.020716657850680775
2019-03-03,3,-0.0052268985804998,0.0061500216169476,0.0741245023942767,0.0,0.0,1.129208604411463,0.1480524154628887,1.3790041305092104,0.0498045220759054,0.0207166578506807,-0.0033912490557219,0.0641824580478931,-0.0261149474490542,0.0032662010352388,0.017146780070307344
2019-03-10,3,-0.001532736267875,0.0039460444664067,0.1601699894894523,-0.1999999999999999,-0.1999999999999999,0.7066577736534576,0.056318050198207,0.9272656522793922,0.0459606548585019,0.0171467800703073,0.0207166578506807,-0.0033912490557219,0.0641824580478931,-0.0261149474490542,0.028644212461427454
2019-03-17,3,-0.0067967399071098,-0.0216215059439524,0.1035224922960573,0.0,-0.1999999999999999,0.8029042765548869,0.0790739943057058,0.9119975847283814,0.0494204197355925,0.0286442124614274,0.0171467800703073,0.0207166578506807,-0.0033912490557219,0.0641824580478931,0.016421484775914985
2019-03-24,3,-0.0005523476034458,0.0289493159124629,0.1147499545802823,0.0,-0.1999999999999999,0.7200173612561201,0.0629598134826698,0.8577485001228654,0.0491047390764944,0.0164214847759149,0.0286442124614274,0.0171467800703073,0.0207166578506807,-0.0033912490557219,0.002773075048855267
2019-03-31,3,0.0077828004283693,-0.007713075026218,0.0787478911973376,0.0,0.0,0.6148514962903467,0.0475432273943016,0.7436693765880984,0.0506273783279533,0.0027730750488552,0.0164214847759149,0.0286442124614274,0.0171467800703073,0.0207166578506807,0.02799723459363057
2019-04-07,4,0.0075541080864924,0.012029092622942,0.0612908177975146,0.25,0.25,0.6964931254999491,0.0629586480764653,0.8282949054831136,0.0548485290954807,0.0279972345936305,0.0027730750488552,0.0164214847759149,0.0286442124614274,0.0171467800703073,0.2598277269459912
2019-04-14,4,0.022611225400043,0.0205828394016369,0.0855536708746755,0.0,0.25,1.9131450723251264,0.294461344955685,1.6936504438678994,0.1185003996413213,0.2598277269459912,0.0279972345936305,0.0027730750488552,0.0164214847759149,0.0286442124614274,-0.007537323969541321
2019-04-21,4,0.1052105899337134,0.0050713164681237,0.0742204963551116,0.0,0.0,1.2441197700331088,0.1084624207246429,1.087137265392127,0.1363726636953985,-0.0075373239695413,0.2598277269459912,0.0279972345936305,0.0027730750488552,0.0164214847759149,0.024329117377662524
2019-04-28,4,0.0852452875242482,-0.0008185979961545,0.0728060327636381,0.0,0.25,0.9043306735928864,0.0747220966308601,0.8158169030446607,0.1497275578907809,0.0243291173776625,-0.0075373239695413,0.2598277269459912,0.0279972345936305,0.0027730750488552,0.009775234297412227
2019-05-05,5,0.0957399135208423,0.0119964337717681,0.0591872027669693,0.0,0.0,1.3845645962365989,0.0947234474769896,1.1413687717305978,0.1522080560155677,0.0097752342974122,0.0243291173776625,-0.0075373239695413,0.2598277269459912,0.0279972345936305,0.08819561678524046
2019-05-12,5,0.0126662484429294,0.001959263643414,0.0547755373889504,0.0,0.0,1.101134405303163,0.1358240690344851,0.9611869146534378,0.1603926088046497,0.0881956167852404,0.0097752342974122,0.0243291173776625,-0.0075373239695413,0.2598277269459912,0.20633109518978054
2019-05-19,5,0.0008465736594756,-0.021808503415217,0.0277170443237304,0.6000000000000001,1.0,2.081997724477041,0.3295653348760993,1.5565563698890106,0.1981291203978603,0.2063310951897805,0.0881956167852404,0.0097752342974122,0.0243291173776625,-0.0075373239695413,0.16953027782601882
2019-05-26,5,0.0268537666028283,-0.0075900603873116,0.0424560802312736,-0.25,0.5,3.2448447278250336,0.2146883574618555,2.408626169327224,0.2475052237752207,0.1695302778260188,0.2063310951897805,0.0881956167852404,0.0097752342974122,0.0243291173776625,0.05718244384228721
2019-06-02,6,0.0498799511483858,-0.0117047207058503,0.0012683880842379,0.1666666666666667,0.75,2.273225212308139,0.1569721917441709,1.7888697635008373,0.2692548881186132,0.0571824438422872,0.1695302778260188,0.2063310951897805,0.0881956167852404,0.0097752342974122,0.0129492026750464
2019-06-09,6,0.037933741549309,-0.0261848651479444,-0.0173705953133312,-0.1428571428571429,0.5,1.9763227581796567,0.1241515278884046,1.574321297022371,0.2632577155852266,0.0129492026750464,0.0571824438422872,0.1695302778260188,0.2063310951897805,0.0881956167852404,-0.1258139486911498
2019-06-16,6,0.0227452794754625,0.0440688066393901,0.0137383573243012,-0.1666666666666666,2.220446049250313e-16,1.7197530264317902,0.1554400641760257,1.470548588092277,0.2260324835345691,-0.1258139486911498,0.0129492026750464,0.0571824438422872,0.1695302778260188,0.2063310951897805,0.17372540845528328
2019-06-23,6,0.0525367467085471,0.0047470887538543,-0.001991191742085,0.6000000000000001,0.6000000000000005,1.5944362615288468,0.2388703086304026,1.375707430950216,0.2216744137973224,0.1737254084552832,-0.1258139486911498,0.0129492026750464,0.0571824438422872,0.1695302778260188,0.21810209162401017
2019-06-30,6,0.0410946577922655,0.0219883753957421,0.0148069931657384,0.375,1.2000000000000006,2.361479319742838,0.2728292192561152,1.7003472274320623,0.2386585160043113,0.2181020916240101,0.1737254084552832,-0.1258139486911498,0.0129492026750464,0.0571824438422872,-0.004765236240002024
2019-07-07,7,0.0146539098741058,-0.0029486927462157,0.0126435871574475,-0.3636363636363636,0.4000000000000003,4.147485137042415,0.3158734452294389,2.62966437236027,0.2283902037101776,-0.004765236240002,0.2181020916240101,0.1737254084552832,-0.1258139486911498,0.0129492026750464,0.05086925677854448
2019-07-14,7,0.0218695414989709,0.0165377189165667,0.0171877763718246,0.0,0.4000000000000003,2.5692039895439778,0.2094139541739987,1.812385809684277,0.2068746451891517,0.0508692567785444,-0.004765236240002,0.2181020916240101,0.1737254084552832,-0.1258139486911498,-0.10801631387731625
2019-07-21,7,0.0534808612934447,0.0078116378690546,0.0231290992789341,0.0,0.4000000000000003,2.4423404393891883,0.2667905346187554,1.7385465046655648,0.1639270566430639,-0.1080163138773162,0.0508692567785444,-0.004765236240002,0.2181020916240101,0.1737254084552832,0.04081606576647956
2019-07-28,7,0.0361314958854228,-0.0123300716378489,0.0330429652252373,-0.1428571428571429,-0.25,1.853741676823644,0.2005075593315628,1.613130236990278,0.1388814036500227,0.0408160657664795,-0.1080163138773162,0.0508692567785444,-0.004765236240002,0.2181020916240101,-0.09895792510470325
2019-08-04,8,0.0113475130283715,0.0165456677226778,0.0581669015537515,0.0,0.0,0.9647605630911824,0.1433558542607989,0.923556115870634,0.1266837894365593,-0.0989579251047032,0.0408160657664795,-0.1080163138773162,0.0508692567785444,-0.004765236240002,0.14543669051327135
2019-08-11,8,0.0028139778305615,-0.0310027562412008,0.0375045115814947,0.0,-0.1428571428571429,0.9242528823769764,0.1724040354072822,0.8533746675412581,0.1219897136661828,0.1454366905132713,-0.0989579251047032,0.0408160657664795,-0.1080163138773162,0.0508692567785444,0.05679631593442536
2019-08-18,8,0.0032189935188147,-0.0045701812724885,0.0605328372201185,0.0,0.0,1.425077740382768,0.1283532738822269,1.1473118664629578,0.1192809375533932,0.0567963159344253,0.1454366905132713,-0.0989579251047032,0.0408160657664795,-0.1080163138773162,-0.10763577740894559
2019-08-25,8,-0.0014505260624905,-0.0102684460281294,0.0053387347129121,0.0,0.1999999999999999,0.8266316997954342,0.1584086426300883,0.8522844947149112,0.076669480459041,-0.1076357774089455,0.0567963159344253,0.1454366905132713,-0.0989579251047032,0.0408160657664795,-0.015920588195343255
2019-09-01,9,0.0032988614484297,-0.014390655939737,-0.0138102792537531,0.0,-0.25,0.7577469917673174,0.1152668741152144,0.7999313376080901,0.0577661441332524,-0.0159205881953432,-0.1076357774089455,0.0567963159344253,0.1454366905132713,-0.0989579251047032,-0.041183354711619935
2019-09-08,9,-0.0035980320328942,0.0278703667929935,-0.0081343248171474,0.0,-0.4545454545454546,0.6521773049455318,0.1265936354162455,0.6780598085574729,0.0635732644950962,-0.0411833547116199,-0.0159205881953432,-0.1076357774089455,0.0567963159344253,0.1454366905132713,0.06747571717371148
2019-09-15,9,0.0044293286473464,0.0178543359553864,0.0125605079952135,0.0,-0.1428571428571429,0.8890153073487209,0.1227293623034291,0.7794971687981723,0.0629587019774777,0.0674757171737114,-0.0411833547116199,-0.0159205881953432,-0.1076357774089455,0.0567963159344253,-0.0076263006710219905
2019-09-22,9,0.0096856743065283,0.0096283290417662,0.0056781511565304,0.0,-0.1428571428571429,0.6341150337975751,0.0577965638016267,0.6388939336332933,0.0552779001925549,-0.0076263006710219,0.0674757171737114,-0.0411833547116199,-0.0159205881953432,-0.1076357774089455,-0.02651327265261827
2019-09-29,9,-0.0032190702367224,-0.0050941181556098,-0.007200284029637,0.0,-0.1428571428571429,0.5629991564435273,0.0681332461124256,0.6521782169068244,0.0560466650724809,-0.0265132726526182,-0.0076263006710219,0.0674757171737114,-0.0411833547116199,-0.0159205881953432,-0.19793356579554833
2019-10-06,10,0.002362178601696,-0.0101200840889418,-0.0049788181857882,0.0,0.0,0.9030510273579702,0.2293556573810461,0.9903881510102532,0.091265359143161,-0.1979335657955483,-0.0265132726526182,-0.0076263006710219,0.0674757171737114,-0.0411833547116199,-0.023567160876300064
2019-10-13,10,0.0094306129643946,-0.0033020572018946,-0.0244062844943254,-0.1666666666666666,-0.1666666666666666,0.5796102644556413,0.0982215679643517,0.7125695171830628,0.116665307190296,-0.0235671608763,-0.1979335657955483,-0.0265132726526182,-0.0076263006710219,0.0674757171737114,0.053570996594200615
2019-10-20,10,0.0019228893306761,0.0061856159023849,0.0130352483757096,0.0,-0.1666666666666666,0.7012763999707594,0.1295316537878884,0.9380100611464348,0.1248175865312547,0.0535709965942006,-0.0235671608763,-0.1979335657955483,-0.0265132726526182,-0.0076263006710219,-0.006242892757833518
2019-10-27,10,0.0017340560446998,0.0053631488046541,0.0231442619019064,0.1999999999999999,0.0,0.5366444886248355,0.0709332901523097,0.8671049828926879,0.1156715422852825,-0.0062428927578335,0.0535709965942006,-0.0235671608763,-0.1979335657955483,-0.0265132726526182,0.15888658515082055
2019-11-03,11,0.0003235622658086,0.0121726609068382,0.0463429663375662,0.0,0.0,1.294535286606424,0.3733271720162707,1.430224105574388,0.111071359930784,0.1588865851508205,-0.0062428927578335,0.0535709965942006,-0.0235671608763,-0.1979335657955483,-0.035175494468480006
2019-11-10,11,-0.0016377662892189,0.0146763494400421,0.0772010916332701,0.0,0.0,0.9508355861635716,0.1038073178334276,1.057841108413584,0.1068824575919125,-0.03517549446848,0.1588865851508205,-0.0062428927578335,0.0535709965942006,-0.0235671608763,-0.01688362112562547
2019-11-17,11,-0.0024279059983229,0.0085330185756999,0.0569356833853869,-0.1666666666666666,-0.1666666666666666,0.7893867802887888,0.0889124728428113,0.95193422452076,0.1054322539801102,-0.0168836211256254,-0.03517549446848,0.1588865851508205,-0.0062428927578335,0.0535709965942006,-0.059413881566065196
2019-11-24,11,-0.0024183819651497,0.0088520180532025,0.0475877141447134,0.1999999999999999,0.0,0.6690298279823544,0.0798260207783932,0.7885593445166647,0.0960526121205103,-0.0594138815660651,-0.0168836211256254,-0.03517549446848,0.1588865851508205,-0.0062428927578335,-0.18807866014301844
2019-12-01,12,-0.0007987770667954,-0.0032591348711408,0.0342157152880071,-0.1666666666666666,-0.1666666666666666,1.0739198972995152,0.2015225447407758,1.0686583774691365,0.1062096497693561,-0.1880786601430184,-0.0594138815660651,-0.0168836211256254,-0.03517549446848,0.1588865851508205,0.07063453894380656
2019-12-08,12,0.0037130799493212,0.0098672471055754,0.0497682206632863,0.0,-0.1666666666666666,1.2837434968495474,0.1934718118091715,1.1427888936365025,0.0980044200570974,0.0706345389438065,-0.1880786601430184,-0.0594138815660651,-0.0168836211256254,-0.03517549446848,0.016130668972207607
2019-12-15,12,0.0005060125673086,0.0015695738272767,0.0621651096127675,0.0,-0.1666666666666666,0.8934045793248488,0.0924034363796252,0.880949820148636,0.1029013617476006,0.0161306689722076,0.0706345389438065,-0.1880786601430184,-0.0594138815660651,-0.0168836211256254,-0.052132392201978295
2019-12-22,12,0.0035083489819027,0.0072761140655646,0.0734380981094238,0.1999999999999999,0.1999999999999999,0.6801256829844525,0.0854381626900271,0.800884149561127,0.1119914787262386,-0.0521323922019782,0.0161306689722076,0.0706345389438065,-0.1880786601430184,-0.0594138815660651,0.05378171800876297
2019-12-29,12,0.004375773852151,0.0165425397626861,0.0844872688341464,0.0,0.1999999999999999,0.8882552036054399,0.1521911343333895,1.0381702554682506,0.1158366125591665,0.0537817180087629,-0.0521323922019782,0.0161306689722076,0.0706345389438065,-0.1880786601430184,-0.015090435969627114
2020-01-05,1,0.0047329358078724,0.0058362980485655,0.0849976558837315,0.0,0.0,0.7667702012327136,0.0825201880888609,0.8862002758816383,0.1200216011782269,-0.0150904359696271,0.0537817180087629,-0.0521323922019782,0.0161306689722076,0.0706345389438065,-0.0039914783493768535
2020-01-12,1,-0.0005108079496586,-0.001595669162536,0.0702387057286064,0.1666666666666667,0.1666666666666667,0.6962188572464905,0.0844509591347552,0.8041343051707365,0.1043410099857813,-0.0039914783493768,-0.0150904359696271,0.0537817180087629,-0.0521323922019782,0.0161306689722076,0.11227857992186174
2020-01-19,1,0.0998772754061079,0.0094285670123808,0.064703561565224,0.0,0.1666666666666667,1.5335319527791695,0.150624384993014,1.4057519835168004,0.0870157317912904,0.1122785799218617,-0.0039914783493768,-0.0150904359696271,0.0537817180087629,-0.0521323922019782,0.06313027032442364
2020-01-26,1,-0.0024040657233894,0.0196824230174406,0.0764739353653964,-0.1428571428571429,0.1999999999999999,1.5129235960334155,0.1396572009427034,1.4887792083431333,0.0781346267759903,0.0631302703244236,0.1122785799218617,-0.0039914783493768,-0.0150904359696271,0.0537817180087629,-0.009963570336830818
2020-02-02,2,0.0024748338139908,-0.0102564256581832,0.0560846798228467,0.0,0.0,0.8061472970632226,0.0666534891952395,0.8908535314419878,0.0804295550116797,-0.0099635703368308,0.0631302703244236,0.1122785799218617,-0.0039914783493768,-0.0150904359696271,0.08317005223447471
2020-02-09,2,-0.0010311736397536,-0.0212261073534275,0.0370479923093989,0.0,0.1999999999999999,1.2319551103594375,0.1210764778469514,1.1449671951036535,0.094405750930673,0.0831700522344747,-0.0099635703368308,0.0631302703244236,0.1122785799218617,-0.0039914783493768,0.0879000290413876
2020-02-16,2,-0.0027085946391941,0.0316817133361442,0.0594495985329417,0.1666666666666667,0.4000000000000001,1.2552056394089042,0.1149846917835009,1.3178063101117812,0.1222376434629201,0.0879000290413876,0.0831700522344747,-0.0099635703368308,0.0631302703244236,0.1122785799218617,-0.02309749550570095
2020-02-23,2,-1.2982664526761669e-05,0.0157615898019958,0.0744617614617071,-0.1428571428571429,0.1999999999999999,1.511543377962971,0.0848998987363716,1.675823324365724,0.1310243040824234,-0.0230974955057009,0.0879000290413876,0.0831700522344747,-0.0099635703368308,0.0631302703244236,0.0019289582717822995
2020-03-01,3,6.135028398124298e-05,-0.0125467433494271,0.0533167129512748,0.0,0.0,1.199092755919013,0.0908109417094655,1.2359071661768737,0.1254651792073097,0.0019289582717822,-0.0230974955057009,0.0879000290413876,0.0831700522344747,-0.0099635703368308,-0.1413509923110986
2020-03-08,3,0.0016480679296304,-0.1149067485581605,-0.0828878499450522,0.0,0.0,1.274541591647887,0.158910671873113,1.2973157086369569,0.1148158103764339,-0.1413509923110986,0.0019289582717822,-0.0230974955057009,0.0879000290413876,0.0831700522344747,-0.058436124277415846
2020-03-15,3,0.0050011221913777,0.0061437536811748,-0.0826075147684274,0.5,0.5,1.08211580038204,0.1392682555127018,1.1528610686327234,0.1045463357740118,-0.0584361242774158,-0.1413509923110986,0.0019289582717822,-0.0230974955057009,0.0879000290413876,-0.3326163188025858
2020-03-22,3,0.0068860698226103,-0.0879264694503039,-0.1619333199375553,0.0,0.2857142857142856,2.290770297785692,0.5472696135292155,2.4124565423549487,0.1602695682122597,-0.3326163188025858,-0.0584361242774158,-0.1413509923110986,0.0019289582717822,-0.0230974955057009,0.08484695876000203
2020-03-29,3,0.0280318951500515,-0.1497960177350221,-0.2941277351585589,-0.2222222222222222,-1.1102230246251563e-16,1.9689471498785296,0.4585314710101804,2.2426549231071338,0.1966186391698253,0.084846958760002,-0.3326163188025858,-0.0584361242774158,-0.1413509923110986,0.0019289582717822,0.0112152457192769
2020-04-05,4,0.0086384060422763,0.1026282907866649,-0.2367086934845417,0.0,0.1666666666666667,1.409138391355942,0.2183543814100635,1.408343075895914,0.2255272301591368,0.0112152457192769,0.084846958760002,-0.3326163188025858,-0.0584361242774158,-0.1413509923110986,0.1515552366605344
2020-04-12,4,0.2470792599609907,-0.0207832474906254,-0.2448269897768755,0.1428571428571428,0.3333333333333332,1.206403982483799,0.2279125924666269,1.2687589400352297,0.2358662518813555,0.1515552366605344,0.0112152457192769,0.084846958760002,-0.3326163188025858,-0.0584361242774158,0.01934360779473132
2020-04-19,4,0.063455279765699,0.1210174190826351,-0.1350789950147571,0.0,0.3333333333333332,1.1258989929562844,0.1062650787416688,1.2848967811583518,0.238293500994412,0.0193436077947313,0.1515552366605344,0.0112152457192769,0.084846958760002,-0.3326163188025858,0.031424768134604264
2020-04-26,4,0.0036101018161316,0.0303747195159542,-0.136174726764051,0.0,0.1428571428571425,0.944060871181089,0.1194720581014195,1.0511076393027905,0.2204662460440001,0.0314247681346042,0.0193436077947313,0.1515552366605344,0.0112152457192769,0.084846958760002,0.0803792864224786
2020-05-03,5,0.0015510072684234,-0.0131567961705444,-0.1607675376313547,0.375,0.8333333333333333,0.912216282776376,0.1385963434156205,1.0105283499571442,0.1935898763470432,0.0803792864224786,0.0314247681346042,0.0193436077947313,0.1515552366605344,0.0112152457192769,0.15612171946289521
2020-05-10,5,-0.0023625808363513,-0.0021256794771462,-0.1519107182982549,0.0,0.8333333333333333,1.6136176137692222,0.2409951774967178,1.4428437924908657,0.1679096572660179,0.1561217194628952,0.0803792864224786,0.0314247681346042,0.0193436077947313,0.1515552366605344,-0.01926994792088288
2020-05-17,5,-0.00201248131366,0.0350053520141591,-0.0082661413164895,-0.0208333333333333,0.7951388888888891,1.715648801736039,0.2192452342269919,1.518506623362967,0.1712075200227788,-0.0192699479208828,0.1561217194628952,0.0803792864224786,0.0314247681346042,0.0193436077947313,0.10974380844617015
2020-05-24,5,0.1970480996505852,-0.0225612669806813,-0.0365600514067898,-0.2233201581027667,-0.0705012077294686,1.5002561847318927,0.1993632756567007,1.332935247353196,0.198520347345163,0.1097438084461701,-0.0192699479208828,0.1561217194628952,0.0803792864224786,0.0314247681346042,-0.09914215230515588
2020-05-31,5,0.1234587605803618,0.032038970562559,0.0901616365795898,-0.0526315789473684,-0.1194221967963387,1.060255661299127,0.1291174255844629,1.0111129894931632,0.1752708790235975,-0.0991421523051558,0.1097438084461701,-0.0192699479208828,0.1561217194628952,0.0803792864224786,0.08347495625170587
2020-06-07,6,0.0029008668154384,0.0300664873369538,0.3207877062978328,0.0,0.1321714612618503,0.8570004821741916,0.1258617090342665,0.9030142886230534,0.1607384632506392,0.0834749562517058,-0.0991421523051558,0.1097438084461701,-0.0192699479208828,0.1561217194628952,0.03161636998095951
2020-06-14,6,0.0349673992742203,0.0491474258534774,0.2567254384273669,-0.0919117647058823,0.028111584307636,0.9071862365548562,0.1179051826419016,0.8972668830686497,0.1380476851062083,0.0316163699809595,0.0834749562517058,-0.0991421523051558,0.1097438084461701,-0.0192699479208828,-0.041540003631890365
2020-06-21,6,0.0057322782094315,-0.0477843910167098,0.2220722078235186,0.0,-0.1004023637308183,0.6951826069219427,0.0902555558177446,0.739886302289228,0.1206378119371658,-0.0415400036318903,0.0316163699809595,0.0834749562517058,-0.0991421523051558,0.1097438084461701,-0.005074876098521752
2020-06-28,6,-0.0001510120689194,0.0185545044734012,0.1103727122179925,0.1026785714285714,-0.0080329635781791,0.6548511942543238,0.0726335620470771,0.6772212700495385,0.0969674146492598,-0.0050748760985217,-0.0415400036318903,0.0316163699809595,0.0834749562517058,-0.0991421523051558,-0.01918729941504238
2020-07-05,7,0.0196240620643124,-0.0286305500138809,0.0467862907714573,0.0,-0.0080329635781791,0.6949326986340001,0.101886130683218,0.6715229443794195,0.0664844341561319,-0.0191872994150423,-0.0050748760985217,-0.0415400036318903,0.0316163699809595,0.0834749562517058,-0.005148990549945998
2020-07-12,7,0.0053580049856913,0.0401987338196441,0.1033827562624707,0.0,-0.2785694280568576,0.5011215626696303,0.0437651379528221,0.5168799356266321,0.0396040961262374,-0.0051489905499459,-0.0191872994150423,-0.0050748760985217,-0.0415400036318903,0.0316163699809595,0.025728244725952365
2020-07-19,7,0.0090395809542924,0.0175814134779122,0.1251735430333733,0.0588235294117647,-0.2361323355896138,0.5927306619873046,0.0456567737041328,0.7029961753061416,0.0377004408068392,0.0257282447259523,-0.0051489905499459,-0.0191872994150423,-0.0050748760985217,-0.0415400036318903,-0.010078740157480337
2020-07-26,7,0.0031738796583116,0.012461381960666,0.1006655744419413,-0.0555555555555555,-0.2632198414197695,0.5196351597703415,0.0318779015210715,0.7480189864521687,0.0320568031795053,-0.0100787401574803,0.0257282447259523,-0.0051489905499459,-0.0191872994150423,-0.0050748760985217,0.07846137307131418
2020-08-02,8,0.057472381896801,-0.0028219416819392,0.1228934595104234,0.1764705882352941,0.1160328101828966,0.7528945613451088,0.1064177504807802,0.971652614504128,0.036661687272058,0.0784613730713141,-0.0100787401574803,0.0257282447259523,-0.0051489905499459,-0.0191872994150423,0.11476669277876339
2020-08-09,8,0.0220054688749458,0.0172563385712907,0.1068094537210913,0.05,0.2369363646193771,1.6168860251461437,0.2221458102167438,1.7274908452404258,0.0625531164250113,0.1147666927787633,0.0784613730713141,-0.0100787401574803,0.0257282447259523,-0.0051489905499459,0.05512697186883253
2020-08-16,8,-0.0022078170665044,0.0245053681919342,0.1008340149327762,-0.1428571428571429,0.0602311696737518,1.0917986019400998,0.0879693190357824,1.2265542069638151,0.0917048373251609,0.0551269718688325,0.1147666927787633,0.0784613730713141,-0.0100787401574803,0.0257282447259523,0.01963073804452775
2020-08-23,8,0.0058853643944589,0.0064363467093169,0.0560187605864872,0.0,0.1675420168067227,1.277826196264018,0.0806689785467685,1.5095696859835883,0.1122340612299867,0.0196307380445277,0.0551269718688325,0.1147666927787633,0.0784613730713141,-0.0100787401574803,-0.022069515573839404
2020-08-30,8,0.0109960023525712,0.007207554442089,0.1170055009190116,-0.0555555555555555,0.1026785714285714,1.1729647032897752,0.0916120322492085,1.3369838773731793,0.1180304439970232,-0.0220695155738394,0.0196307380445277,0.0551269718688325,0.1147666927787633,0.0784613730713141,0.005411169003093352
2020-09-06,9,0.0107640566984266,0.0326301969880724,0.1324417155732886,0.0,0.0,0.945909382088795,0.0607188112759827,1.048689538154442,0.11862740624811,0.0054111690030933,-0.0220695155738394,0.0196307380445277,0.0551269718688325,0.1147666927787633,-0.12423705252084327
2020-09-13,9,0.3450010050565808,-0.0231042670915989,0.1388843654974161,-0.0588235294117647,-0.0588235294117647,1.4267439322671285,0.1900621372587026,1.6426622274279727,0.1089903603818022,-0.1242370525208432,0.0054111690030933,-0.0220695155738394,0.0196307380445277,0.0551269718688325,0.007471578167352444
2020-09-20,9,0.0626852225736054,-0.0250922100053692,0.0673991456896301,0.0,-0.0588235294117647,0.8395502196461775,0.0711893360790726,0.982285678067847,0.09640707033843,0.0074715781673524,-0.1242370525208432,0.0054111690030933,-0.0220695155738394,0.0196307380445277,0.05685276928005201
2020-09-27,9,0.0524104917783747,-0.0064352568266102,0.042206691281742,-0.0625,-0.1666666666666667,0.9300027601095712,0.0936286635620023,0.9800391153055268,0.0834593663119393,0.056852769280052,0.0074715781673524,-0.1242370525208432,0.0054111690030933,-0.0220695155738394,-0.013372367741486535
2020-10-04,10,0.0322313659768598,-0.0063293236570897,0.0228639296933388,-0.0666666666666666,-0.1764705882352941,0.8385521867599349,0.0780236404194765,0.9378672997639907,0.0635499392849957,-0.0133723677414865,0.056852769280052,0.0074715781673524,-0.1242370525208432,0.0054111690030933,-0.009988630299092804
2020-10-11,10,0.0199448293842254,0.0151525257241258,0.0413013935060937,0.0714285714285714,-0.2500000000000001,0.7707707149075739,0.0534607481163439,0.7932937205791695,0.0545450749533403,-0.0099886302990928,-0.0133723677414865,0.056852769280052,0.0074715781673524,-0.1242370525208432,0.06584928885693064
2020-10-18,10,0.0174614290323058,0.0384328224486627,0.0629784294064421,0.0,-0.2857142857142858,0.8049638035369598,0.0905628962126709,0.8054833192017226,0.0549267015633201,0.0658492888569306,-0.0099886302990928,-0.0133723677414865,0.056852769280052,0.0074715781673524,0.011796971066987183
2020-10-25,10,0.0068455799946418,0.0019211246056374,0.0395460838843668,0.1999999999999999,-2.220446049250313e-16,0.8233035453805353,0.0482020437997294,0.7711181357398432,0.0536115301621436,0.0117969710669871,0.0658492888569306,-0.0099886302990928,-0.0133723677414865,0.056852769280052,0.13263248121817184
2020-11-01,11,0.0150554257887134,-0.0052873147502303,0.0274367374772079,0.0,-2.220446049250313e-16,1.337241419185705,0.1688269463815967,1.1182825938139107,0.0734256465810294,0.1326324812181718,0.0117969710669871,0.0658492888569306,-0.0099886302990928,-0.0133723677414865,0.05623451990700623
2020-11-08,11,0.0303325130980416,-0.0563948069337072,-0.0374430406574901,0.0,0.0588235294117647,1.591655355790328,0.1024587018520849,1.248058673444826,0.1007259669397245,0.0562345199070062,0.1326324812181718,0.0117969710669871,0.0658492888569306,-0.0099886302990928,0.12452130945027795
2020-11-15,11,0.0220325876691744,0.0732363698638516,0.0004076385187046,0.0,0.0588235294117647,2.2021003741672627,0.200919377189534,1.597510392785107,0.1460855289946729,0.1245213094502779,0.0562345199070062,0.1326324812181718,0.0117969710669871,0.0658492888569306,0.031140348042985266
2020-11-22,11,0.0305332083915526,0.0215732424546366,0.0461604454093429,0.5555555555555556,0.75,1.7799899538081938,0.1082035011082318,1.4034622956645215,0.1667140216342271,0.0311403480429852,0.1245213094502779,0.0562345199070062,0.1326324812181718,0.0117969710669871,0.15400325875791188
2020-11-29,11,0.0276365444283983,-0.0077012119437123,0.0648224916715809,0.1428571428571428,1.0,2.349170971397667,0.1943911762862694,1.717663257213447,0.2022845974517339,0.1540032587579118,0.0311403480429852,0.1245213094502779,0.0562345199070062,0.1326324812181718,-0.01245979375956785
2020-12-06,12,0.0375748370968009,0.0227151346154927,0.096063528213842,-0.0625,1.0,2.1473818709740327,0.1790068144247708,1.8159099215886216,0.2124071637313364,-0.0124597937595678,0.1540032587579118,0.0311403480429852,0.1245213094502779,0.0562345199070062,0.06458128379504191
2020-12-13,12,0.032270515245284,0.0167026261904434,0.1214688066552271,-0.2666666666666667,0.571428571428571,1.693569382330415,0.1037602419576574,1.362807234564357,0.2153034681782887,0.0645812837950419,-0.0124597937595678,0.1540032587579118,0.0311403480429852,0.1245213094502779,-0.009525605132390425
2020-12-20,12,0.0194503919884967,-0.0096401306256622,0.0940796311118015,0.7272727272727273,1.5333333333333332,1.22242937888256,0.0954910642105061,0.9951088112482678,0.1982450876850103,-0.0095256051323904,0.0645812837950419,-0.0124597937595678,0.1540032587579118,0.0311403480429852,0.2232350577497042
2020-12-27,12,0.0175336819697402,0.0125427874195431,0.0668022190714758,-0.0263157894736841,1.4666666666666668,2.1510716116786144,0.2761409523551251,1.5630266554182095,0.2123561287018819,0.2232350577497042,-0.0095256051323904,0.0645812837950419,-0.0124597937595678,0.1540032587579118,0.12048933470671286
2021-01-03,1,0.0320429153055201,-0.0017118625333947,0.0629339717148755,0.5135135135135136,2.111111111111111,2.330367401388692,0.2816818542655594,1.6323230889111486,0.2259646551573585,0.1204893347067128,0.2232350577497042,-0.0095256051323904,0.0645812837950419,-0.0124597937595678,0.25563035211626683
2021-01-10,1,0.0366238726431986,0.014315187979671,0.0838808907511137,0.7857142857142858,4.555555555555556,2.350180720909006,0.3385688205485676,1.6000863112406791,0.2853121868401874,0.2556303521162668,0.1204893347067128,0.2232350577497042,-0.0095256051323904,0.0645812837950419,0.15605946051596864
2021-01-17,1,0.0967115734319696,0.0182664327342141,0.1696412188528302,-0.25,3.166666666666667,3.359817975789632,0.418787244261751,2.16517154814774,0.3335997359609772,0.1560594605159686,0.2556303521162668,0.1204893347067128,0.2232350577497042,-0.0095256051323904,-0.060849509384267586
2021-01-24,1,0.0638343987605356,-0.0147541755127226,0.0737468086076411,-0.3866666666666667,1.5555555555555554,3.0028344434950904,0.2537351225503945,2.041744448692018,0.3281319866916644,-0.0608495093842675,0.1560594605159686,0.2556303521162668,0.1204893347067128,0.2232350577497042,-0.09960503631036755
2021-01-31,1,0.0322190860485867,0.0194307702514429,0.071494916530689,0.1521739130434782,0.8928571428571428,1.8832848632857808,0.2512212843604423,1.5754503520746403,0.2950648799734237,-0.0996050363103675,-0.0608495093842675,0.1560594605159686,0.2556303521162668,0.1204893347067128,0.025824010613796133
2021-02-07,2,0.0383599924645745,-0.0331201336988183,0.0440472911056517,-0.0754716981132075,0.53125,2.013888859247499,0.2879832111210823,1.6815848822577395,0.2688830543265999,0.0258240106137961,-0.0996050363103675,-0.0608495093842675,0.1560594605159686,0.2556303521162668,0.17232385841347608
2021-02-14,2,0.079475614361103,0.0464671103644354,0.0682946940233901,0.9183673469387754,2.1333333333333337,1.6282567538323052,0.2616673571456415,1.3458853918152154,0.2460604578379227,0.172323858413476,0.0258240106137961,-0.0996050363103675,-0.0608495093842675,0.1560594605159686,0.25214398815950934
2021-02-21,2,0.1138265515033347,0.0123493952655506,0.0637205605657562,-0.2021276595744681,2.40909090909091,2.0903639691832816,0.3020577801296999,1.6817107959137094,0.2563140953699512,0.2521439881595093,0.172323858413476,0.0258240106137961,-0.0996050363103675,-0.0608495093842675,0.1817863678030638
2021-02-28,2,0.0816690231827423,-0.0071464332639529,0.0663989780153189,-0.16,0.6578947368421049,1.7516530820966143,0.2631100522493916,1.3769531521454514,0.2737315343182867,0.1817863678030638,0.2521439881595093,0.172323858413476,0.0258240106137961,-0.0996050363103675,-0.2137818447663824
2021-03-07,3,0.0666428180940019,-0.02446047953393,0.0274275423854468,-0.3968253968253968,0.0270270270270267,2.0605242642307338,0.2527064298883428,1.445374761947685,0.2360389576279408,-0.2137818447663824,0.1817863678030638,0.2521439881595093,0.172323858413476,0.0258240106137961,0.12930108920529793
2021-03-14,3,0.0358534101375538,0.008078926308332,0.0375041182157462,0.0,-0.3214285714285716,1.2954352848099318,0.1703693725211376,1.0910793262633711,0.211095163404697,0.1293010892052979,-0.2137818447663824,0.1817863678030638,0.2521439881595093,0.172323858413476,0.15688219454894137
2021-03-21,3,0.0408873477179936,0.026392916078856,0.0498579632434967,0.131578947368421,-0.5700000000000001,1.462842568772339,0.246655210422631,1.230610297141142,0.2225098618625118,0.1568821945489413,0.1293010892052979,-0.2137818447663824,0.1817863678030638,0.2521439881595093,-0.02741726869906902
2021-03-28,3,0.0421057196755023,-0.0076686260885442,0.0231182739471016,-0.1395348837209302,-0.5066666666666668,1.2782943803866833,0.1248317962129731,1.0718331716684106,0.2264540227446444,-0.027417268699069,0.1568821945489413,0.1293010892052979,-0.2137818447663824,0.1817863678030638,-0.027443542948090704
2021-04-04,4,0.0381518987654068,0.0157011065395722,0.0547442446759107,0.0,-0.1956521739130435,1.1311050535096092,0.1395458118314481,0.945331246081171,0.2123465404399279,-0.0274435429480907,-0.027417268699069,0.1568821945489413,0.1293010892052979,-0.2137818447663824,0.04346509523620856
2021-04-11,4,0.0306644834216416,0.0114050934196159,0.0464405553082547,-0.0270270270270269,-0.3207547169811321,0.9701632161406936,0.0968127915034068,0.8521455875727751,0.1781280311414276,0.0434650952362085,-0.0274435429480907,-0.027417268699069,0.1568821945489413,0.1293010892052979,0.03093398320779639
2021-04-18,4,0.0471328888797228,0.0270978912253381,0.1116136813991561,0.5277777777777777,0.1224489795918366,0.9715784883311986,0.1035531247116723,0.9717042971345728,0.1323666828779841,0.0309339832077963,0.0434650952362085,-0.0274435429480907,-0.027417268699069,0.1568821945489413,-0.06420439972181124
2021-04-25,4,0.0585614443458673,0.0137255376864948,0.0768338208771672,0.0727272727272727,-0.3723404255319149,1.405949995666312,0.2320496409928198,1.215521864398004,0.08989539130027,-0.0642043997218112,0.0309339832077963,0.0434650952362085,-0.0274435429480907,-0.027417268699069,-0.12614850825494073
2021-05-02,5,0.0490126768274739,-0.0012662855067651,0.0623508512438912,-0.288135593220339,-0.4400000000000001,1.2157018611988315,0.1887232077073538,1.0224295479298322,0.0885915402123617,-0.1261485082549407,-0.0642043997218112,0.0309339832077963,0.0434650952362085,-0.0274435429480907,0.15308609064749934
2021-05-09,5,0.0516888241039361,0.0002392247205256,0.0702534869493767,0.2857142857142858,-0.1428571428571428,0.8570753798116378,0.1977842025843972,0.853674181763722,0.0879851380189086,0.1530860906474993,-0.1261485082549407,-0.0642043997218112,0.0309339832077963,0.0434650952362085,0.029386401584638344
2021-05-16,5,0.072250781899795,0.0123003848205167,0.1105834197027144,0.0185185185185186,0.4473684210526316,1.1027353773828226,0.1166526830735719,1.0747284215166044,0.0623160033769248,0.0293864015846383,0.1530860906474993,-0.1261485082549407,-0.0642043997218112,0.0309339832077963,-0.20276733646011968
2021-05-23,5,0.0535713926675609,-0.0138803572272362,0.0863912502537782,0.0363636363636363,0.5,1.3063949803725194,0.269134385619161,1.153383123894438,0.0793161049852623,-0.2027673364601196,0.0293864015846383,0.1530860906474993,-0.1261485082549407,-0.0642043997218112,-0.2536263097250788
2021-05-30,5,0.0167649062353847,-0.0043101692681818,0.0538934000111579,-0.3157894736842105,-0.0930232558139533,1.8748460218603729,0.3594042496547793,1.6827418212545484,0.1464803300748948,-0.2536263097250788,-0.2027673364601196,0.0293864015846383,0.1530860906474993,-0.1261485082549407,0.028452254708882352
2021-06-06,6,0.1306530910273267,0.011610111986448,0.0743681480156392,-0.2307692307692307,-0.189189189189189,1.019446788860108,0.2151583094588921,1.0531171939855708,0.1838316888462942,0.0284522547088823,-0.2536263097250788,-0.2027673364601196,0.0293864015846383,0.1530860906474993,0.004350013341275494
2021-06-13,6,0.0270694747151103,0.0061320945455758,0.0642464285175139,-0.0666666666666666,-0.2432432432432431,0.6951338895946757,0.1493258094691378,0.7317906956263052,0.2109698911959765,0.0043500133412754,0.0284522547088823,-0.2536263097250788,-0.2027673364601196,0.0293864015846383,0.09007241249167874
2021-06-20,6,0.0126654387454931,0.0041490440649754,0.0566112834494643,-0.1071428571428571,-0.3055555555555553,0.8822623696635883,0.2341023418335577,0.8777713654213136,0.2173844151796392,0.0900724124916787,0.0043500133412754,0.0284522547088823,-0.2536263097250788,-0.2027673364601196,-0.08765658728204118
2021-06-27,6,0.0093990743983007,-0.0190679562277512,0.0091188723115671,-0.04,-0.5636363636363635,0.8239577154532781,0.2048663576330016,0.8118607894452049,0.2179492558461878,-0.0876565872820411,0.0900724124916787,0.0043500133412754,0.0284522547088823,-0.2536263097250788,-0.025275729097846922
2021-07-04,7,0.0164239527449512,0.0274214259141476,0.022752522416837,-0.2083333333333333,-0.6779661016949152,1.037239004093148,0.1950833380851833,0.968168170799819,0.2184696298256764,-0.0252757290978469,-0.0876565872820411,0.0900724124916787,0.0043500133412754,0.0284522547088823,0.016892341688871326
2021-07-11,7,-0.0028531656129957,0.0167355806293363,0.0411873201329131,-0.0526315789473684,-0.5714285714285714,0.5779325120477925,0.1124126827786709,0.628523363844177,0.2246056616714114,0.0168923416888713,-0.0252757290978469,-0.0876565872820411,0.0900724124916787,0.0043500133412754,-0.029119343341123982
2021-07-18,7,0.0044745739248852,0.0039541947550054,0.0450543747324312,0.0,-0.6666666666666666,0.4494874955839637,0.091157564880882,0.519899649416842,0.1973535760671181,-0.0291193433411239,0.0168923416888713,-0.0252757290978469,-0.0876565872820411,0.0900724124916787,-0.07240230958355742
2021-07-25,7,0.0044001242116464,-0.0097012278152213,0.0223408779473606,0.0555555555555555,-0.6545454545454545,0.3847043474136877,0.1067874135263726,0.4982732079302058,0.1094215206487256,-0.0724023095835574,-0.0291193433411239,0.0168923416888713,-0.0252757290978469,-0.0876565872820411,0.11336133544125326
2021-08-01,8,0.0024984350443568,0.0195578624317105,0.0570073193813862,0.0526315789473683,-0.6491228070175439,0.4889379015942761,0.1925826114894408,0.5871292555720963,0.0505232451175018,0.1133613354412532,-0.0724023095835574,-0.0291193433411239,0.0168923416888713,-0.0252757290978469,0.12618121241275704
2021-08-08,8,0.0033584548840357,-0.0037467785184697,0.0576054053793924,-0.0999999999999999,-0.5384615384615385,0.9033052227323785,0.2089600582459183,1.0355613953966754,0.0639224589545543,0.126181212412757,0.1133613354412532,-0.0724023095835574,-0.0291193433411239,0.0168923416888713,0.09910619634266804
2021-08-15,8,0.0056283750933479,0.0093873855016541,0.0552816172745245,0.0555555555555555,-0.3666666666666667,0.7767919248023316,0.200181830637534,0.8785071666282235,0.0936008089075101,0.099106196342668,0.126181212412757,0.1133613354412532,-0.0724023095835574,-0.0291193433411239,0.07259951450380497
2021-08-22,8,0.0124425433630503,0.0070956515467077,0.0562922440063453,0.0526315789473683,-0.2857142857142857,0.7099700192015066,0.1225043590087856,0.9368244225972032,0.1254708460186558,0.0725995145038049,0.099106196342668,0.126181212412757,0.1133613354412532,-0.0724023095835574,0.048226863389011276
2021-08-29,8,0.008082904885776,-0.0058930170098477,0.0457287213003603,0.05,-0.1600000000000001,0.7031077422937712,0.1240976356617367,0.9125186558015816,0.1547832244804008,0.0482268633890112,0.0725995145038049,0.099106196342668,0.126181212412757,0.1133613354412532,-0.009573466029721867
2021-09-05,9,0.0106110868352655,0.0152420148277561,0.0823050798641535,-0.0476190476190476,-0.1666666666666668,0.6175970648601237,0.0863133087810895,0.7568260914955837,0.1661306012909565,-0.0095734660297218,0.0482268633890112,0.0725995145038049,0.099106196342668,0.126181212412757,0.06129142920650765
2021-09-12,9,0.0131614462948739,0.0057790777869193,0.0595066227486165,0.1499999999999999,0.2105263157894732,0.7106829362869654,0.1104826459404394,0.7328110965196896,0.1748114913820629,0.0612914292065076,-0.0095734660297218,0.0482268633890112,0.0725995145038049,0.099106196342668,-0.11074160575366987
2021-09-19,9,0.0347792379793268,-0.0169443691116388,0.0244098576857509,-0.0869565217391304,0.1666666666666665,0.8614743793986112,0.1946977870381676,0.9369446198674756,0.1642315552942546,-0.1107416057536698,0.0612914292065076,-0.0095734660297218,0.0482268633890112,0.0725995145038049,0.026431366789179123
2021-09-26,9,0.0071620795071356,-0.0057394955344527,0.0145186575276634,-0.0476190476190476,0.1111111111111109,0.6265048179660334,0.118917385095088,0.6412034388997274,0.1463764098646501,0.0264313667891791,-0.1107416057536698,0.0612914292065076,-0.0095734660297218,0.0482268633890112,-0.08638227838723156
2021-10-03,10,0.0133727894605266,0.0050733252274424,0.0296545540261974,-0.0999999999999999,-0.0526315789473688,0.8885688050001231,0.1639915964163054,0.8266404040835682,0.107141318242918,-0.0863822783872315,0.0264313667891791,-0.1107416057536698,0.0612914292065076,-0.0095734660297218,0.11675173594619204
2021-10-10,10,0.0107975240783104,-0.0220941402497597,-0.0124099288497412,0.1111111111111111,-2.220446049250313e-16,0.6473844985612984,0.1963397426837717,0.6687247941576874,0.0741240729990688,0.116751735946192,-0.0863822783872315,0.0264313667891791,-0.1107416057536698,0.0612914292065076,0.1340039141070717
2021-10-17,10,0.0089686926814709,0.0078723169858436,-0.0008918698780048,0.1,0.2222222222222221,1.222058273993613,0.2006287965500421,1.1375625063666028,0.0719449758315852,0.1340039141070717,0.116751735946192,-0.0863822783872315,0.0264313667891791,-0.1107416057536698,0.1256761009165921
2021-10-24,10,0.0075758275936668,0.0182245055040146,0.0078552559213076,0.3636363636363635,0.5789473684210522,1.169344949327802,0.165645151641056,1.0523336343811696,0.1041697717291686,0.1256761009165921,0.1340039141070717,0.116751735946192,-0.0863822783872315,0.0264313667891791,-0.010988596635078562
2021-10-31,10,0.0015946620150981,0.0164446243545042,0.0172112802148611,0.1333333333333333,0.6999999999999997,1.1651246347462585,0.1217223223387214,1.001201288967971,0.1198106120993515,-0.0109885966350785,0.1256761009165921,0.1340039141070717,0.116751735946192,-0.0863822783872315,0.0073551959156132884
2021-11-07,11,0.0096703325688682,0.0133072234812647,0.0368577584557161,-0.088235294117647,0.4761904761904758,1.0754071119238489,0.0968022201983756,0.9786203875123072,0.1309449646604389,0.0073551959156132,-0.0109885966350785,0.1256761009165921,0.1340039141070717,0.116751735946192,0.03219896312875403
2021-11-14,11,0.023122847704484,0.0200092066235575,0.0417264495927367,0.0,0.5499999999999998,0.8957876639239035,0.0793640306552336,0.8969138116545907,0.1396983288551008,0.032198963128754,0.0073551959156132,-0.0109885966350785,0.1256761009165921,0.1340039141070717,0.0354888982907402
2021-11-21,11,0.0276431514384651,-0.0031250465670255,0.0325040845079738,-0.0967741935483871,0.2173913043478259,1.1364048998245564,0.1062370739888591,1.0713526176564896,0.1507423640934195,0.0354888982907402,0.032198963128754,0.0073551959156132,-0.0109885966350785,0.1256761009165921,-0.10526823475902447
2021-11-28,11,0.0010916630993973,0.0032266675208472,0.0536897397826214,-0.1071428571428571,0.1904761904761907,1.1838389598236072,0.1648651820819911,1.053068560955453,0.1366004331222854,-0.1052682347590244,0.0354888982907402,0.032198963128754,0.0073551959156132,-0.0109885966350785,-0.022980102016273096
2021-12-05,12,0.0193884030978261,-0.0219967815817929,0.0364607183864613,0.0,0.25,1.016956214978204,0.1055544656306883,1.003665152817424,0.1218666347056754,-0.022980102016273,-0.1052682347590244,0.0354888982907402,0.032198963128754,0.0073551959156132,-0.1375568137375407
2021-12-12,12,0.0270406646179159,-0.0122295206132388,0.018617522691158,-0.0799999999999999,0.2777777777777777,1.1559619701076005,0.2998991355548652,1.1214430424759607,0.0990905405062879,-0.1375568137375407,-0.022980102016273,-0.1052682347590244,0.0354888982907402,0.032198963128754,0.013312122580766639
2021-12-19,12,0.0358485692056684,0.0382489098653058,0.0814727429631121,0.0,0.1500000000000001,0.7412760863579798,0.104974014258552,0.7517468531825829,0.0930605626214368,0.0133121225807666,-0.1375568137375407,-0.022980102016273,-0.1052682347590244,0.0354888982907402,-0.06738076353690714
2021-12-26,12,0.0083526620130143,-0.0193929567361769,0.0522164077479767,-0.0869565217391304,-0.0454545454545457,0.7340717765723916,0.0945774455137362,0.7564974328966722,0.1129536815426462,-0.0673807635369071,0.0133121225807666,-0.1375568137375407,-0.022980102016273,-0.1052682347590244,0.08770677207948441
2022-01-02,1,0.0100726945823983,0.0227565878319886,0.0568997868662175,0.0476190476190476,-0.2666666666666667,0.5985999404207469,0.1339113956698665,0.6695126698619347,0.1175659103552858,0.0877067720794844,-0.0673807635369071,0.0133121225807666,-0.1375568137375407,-0.022980102016273,-0.0687203609458027
2022-01-09,1,0.0088130734499851,0.0085467191728791,0.0486875398798654,0.2727272727272727,-0.176470588235294,0.6214250929396044,0.1262420365105361,0.6796536408372681,0.1270137219701417,-0.0687203609458027,0.0877067720794844,-0.0673807635369071,0.0133121225807666,-0.1375568137375407,-0.11465421820921029
2022-01-16,1,0.0034834445908147,-0.0187047069141326,0.0155578909883655,-0.0357142857142857,-0.1290322580645159,0.6979387897254204,0.149493995920161,0.7827864656245105,0.1453061105660337,-0.1146542182092102,-0.0687203609458027,0.0877067720794844,-0.0673807635369071,0.0133121225807666,0.028831982709982773
2022-01-23,1,0.0183744852593568,-0.0030318385813217,-0.0073826031978506,-0.074074074074074,-0.193548387096774,0.6044349201089046,0.115849612393472,0.6977697045658395,0.1446013397981729,0.0288319827099827,-0.1146542182092102,-0.0687203609458027,0.0877067720794844,-0.0673807635369071,-0.15850584816094848
2022-01-30,1,0.0040476315732391,-0.056812893402104,-0.0608411544251898,0.3999999999999999,0.25,0.8443540218734927,0.2204930109496592,0.9500859129349988,0.1410838769731207,-0.1585058481609484,0.0288319827099827,-0.1146542182092102,-0.0687203609458027,0.0877067720794844,0.045171205050138497
2022-02-06,2,0.0297705449694392,0.0077104280640483,-0.0566437347274134,-0.2857142857142857,-2.220446049250313e-16,0.810972943345349,0.1656196586797188,0.9184426641230704,0.1386113023402116,0.0451712050501384,-0.1585058481609484,0.0288319827099827,-0.1146542182092102,-0.0687203609458027,0.11876718505159212
2022-02-13,2,0.0097315032061697,0.0154969143811274,-0.0204782985317609,-0.16,-0.1600000000000002,0.6393566663578804,0.1691051759752387,0.7203061466501907,0.1139583257741255,0.1187671850515921,0.0451712050501384,-0.1585058481609484,0.0288319827099827,-0.1146542182092102,-0.007720700400911995
2022-02-20,2,0.0121528273486786,-0.0181956347363531,-0.0263945901996944,0.0476190476190476,-0.043478260869565,0.8505195592875059,0.0985149667762837,0.8965673858436032,0.1101226105756144,-0.0077207004009119,0.1187671850515921,0.0451712050501384,-0.1585058481609484,0.0288319827099827,-0.08719264863034526
2022-02-27,2,0.0088507093442817,-0.0157899263121685,-0.077068857942029,0.0,-0.043478260869565,0.6616631559955428,0.1605425450585145,0.6687392366209126,0.1068241835157303,-0.0871926486303452,-0.0077207004009119,0.1187671850515921,0.0451712050501384,-0.1585058481609484,-0.01791809651680565
2022-03-06,3,0.0088888364600867,0.0082274245953546,-0.0510730115308698,0.0909090909090908,0.1428571428571428,1.037355952074172,0.1569851061130505,1.0809535588667945,0.1092444187139609,-0.0179180965168056,-0.0871926486303452,-0.0077207004009119,0.1187671850515921,0.0451712050501384,0.019144769353726776
2022-03-13,3,0.0026890238806729,-0.0127216539518547,-0.0839901899999787,-0.1666666666666666,-0.0909090909090909,1.066948772274673,0.2108759683260175,1.1181941164697042,0.0830918873267066,0.0191447693537267,-0.0179180965168056,-0.0871926486303452,-0.0077207004009119,0.1187671850515921,-0.016747955079551957
2022-03-20,3,-0.0022904028485399,-0.0287742528650662,-0.1178868611760359,-0.0999999999999999,-0.357142857142857,1.0271580342277018,0.1415655061841501,0.9650466556322812,0.0624257549925202,-0.0167479550795519,0.0191447693537267,-0.0179180965168056,-0.0871926486303452,-0.0077207004009119,0.09224498072124732
2022-03-27,3,0.0035400627192458,0.0615582580732627,-0.0457362899104771,0.0555555555555555,-0.2962962962962963,0.9274212900805758,0.1282514522590917,0.8947883176142435,0.061123456134409,0.0922449807212473,-0.0167479550795519,0.0191447693537267,-0.0179180965168056,-0.0871926486303452,0.1348852494455568
2022-04-03,4,0.0033233914581851,0.0179112369822009,-0.0256902967069495,0.0526315789473683,-0.1999999999999999,0.9779555044669008,0.1582822594385017,0.85676269284551,0.0801023964831175,0.1348852494455568,0.0922449807212473,-0.0167479550795519,0.0191447693537267,-0.0179180965168056,-0.008977794368127068
2022-04-10,4,0.0011146103119548,0.0006163246798411,0.0336339286120319,0.0,-0.4285714285714286,1.0606657756072786,0.0852024525623262,0.9838376502270708,0.0857255375072985,-0.008977794368127,0.1348852494455568,0.0922449807212473,-0.0167479550795519,0.0191447693537267,-0.09154799832354144
2022-04-17,4,0.0004604553409204,-0.0126664701508625,0.0127328316617212,0.0,-0.1999999999999999,0.8936101263859819,0.1148955682891679,0.8574364572041725,0.081141201247002,-0.0915479983235414,-0.008977794368127,0.1348852494455568,0.0922449807212473,-0.0167479550795519,-0.05884244945011541
2022-04-24,4,-0.0043810776571031,-0.021319971124796,-0.0239838419030645,-0.15,-0.1904761904761905,0.8106185524186502,0.0762523171291436,0.73470684431005,0.0820511604564578,-0.0588424494501154,-0.0915479983235414,-0.008977794368127,0.1348852494455568,0.0922449807212473,-0.0057459879651556856
2022-05-01,5,-0.0011471040092948,-0.0275031359630651,-0.0332364709503377,0.2352941176470588,-0.0454545454545454,0.9239978572941908,0.1118876377932315,0.9355356414259886,0.0829632109152744,-0.0057459879651556,-0.0588424494501154,-0.0915479983235414,-0.008977794368127,0.1348852494455568,-0.024886610006101373
2022-05-08,5,-0.0017899834397218,-0.0327381091722887,-0.0498842227981058,-0.1428571428571429,-0.1818181818181818,1.1468498004828065,0.0864618409272265,1.0463159083224758,0.0827903917091171,-0.0248866100061013,-0.0057459879651556,-0.0588424494501154,-0.0915479983235414,-0.008977794368127,-0.11515830546410222
2022-05-15,5,-0.0044689039793763,-0.0020789316372736,-0.0595965470448039,0.6666666666666667,0.25,1.2286293017088885,0.1640262709474152,1.0904586863264756,0.0966807298625976,-0.1151583054641022,-0.0248866100061013,-0.0057459879651556,-0.0588424494501154,-0.0915479983235414,-0.07960156764125226
2022-05-22,5,-0.0150182919201201,-0.0241187968976607,-0.0704525661431273,-0.3333333333333333,0.0,2.152856159175596,0.2216071324172501,2.0203759362453613,0.1220346116373249,-0.0796015676412522,-0.1151583054641022,-0.0248866100061013,-0.0057459879651556,-0.0588424494501154,-0.03303500379362312
2022-05-29,5,-0.0235539485114441,-0.0304506335908784,-0.0720570081654302,-0.15,-0.0555555555555555,0.8190431396574231,0.0853662545975934,1.087375601701755,0.1459437984042129,-0.0330350037936231,-0.0796015676412522,-0.1151583054641022,-0.0248866100061013,-0.0057459879651556,-0.02726089772409923
2022-06-05,6,-0.0046406978218642,0.0658437057846492,-0.0683109573571852,-0.1176470588235294,-0.2105263157894739,0.9205987921898474,0.0875076294161898,0.8707364884810289,0.1679745374332098,-0.0272608977240992,-0.0330350037936231,-0.0796015676412522,-0.1151583054641022,-0.0248866100061013,0.015308418255673084
2022-06-12,6,0.0009791867157391,-0.0119521720727999,-0.0956447856730926,0.0,-0.25,0.9322400900947576,0.1057631812027243,0.8583323825290146,0.1639118680982082,0.015308418255673,-0.0272608977240992,-0.0330350037936231,-0.0796015676412522,-0.1151583054641022,-0.11179038483970671
2022-06-19,6,-0.0017426524512462,-0.0505483699805769,-0.1418873436489465,0.8,0.3500000000000001,1.1242548711312257,0.1739899462552474,1.0376551802441534,0.1578949216011963,-0.1117903848397067,0.015308418255673,-0.0272608977240992,-0.0330350037936231,-0.0796015676412522,-0.2258000423713984
2022-06-26,6,-0.0116115891476927,-0.057941069405208,-0.1812364647481884,-0.2222222222222222,0.05,1.699934967445198,0.3489747513878891,1.8366576537156487,0.1906479362887213,-0.2258000423713984,-0.1117903848397067,0.015308418255673,-0.0272608977240992,-0.0330350037936231,0.022556138815981397
2022-07-03,7,-0.0150689842372825,0.0644653916905224,-0.1094684457233662,-0.2380952380952381,-0.0588235294117647,0.8112950052403415,0.109408476718188,0.9921090795866458,0.2100794113641339,0.0225561388159813,-0.2258000423713984,-0.1117903848397067,0.015308418255673,-0.0272608977240992,-0.08186302260616107
2022-07-10,7,-0.0052288616702028,-0.0220899139513361,-0.1045114682872245,0.0,-0.2380952380952382,0.6980736866254905,0.1385036086943294,0.911511689237878,0.2216522254685819,-0.081863022606161,0.0225561388159813,-0.2258000423713984,-0.1117903848397067,0.015308418255673,0.08007111265733857
2022-07-17,7,-0.0053393422783138,0.0193578070388698,-0.056281205151104,0.0625,-0.0555555555555554,1.55392233948762,0.1797520479316704,1.836162208497252,0.2052734751792965,0.0800711126573385,-0.081863022606161,0.0225561388159813,-0.2258000423713984,-0.1117903848397067,-0.003082568842519673
2022-07-24,7,-0.0050078960017314,-0.009288656145336,-0.0630993320948554,0.0,-0.4333333333333334,1.3752132291586938,0.1329555330468993,2.756560575300844,0.1963170311004794,-0.0030825688425196,0.0800711126573385,-0.081863022606161,0.0225561388159813,-0.2258000423713984,0.08565757740107771
2022-07-31,7,-0.0023408754862684,0.0254894956460514,-0.0154725899564849,-0.0588235294117647,-0.1999999999999999,1.8810459721850723,0.1689596616854763,3.1116269703323063,0.182931340054801,0.0856575774010777,-0.0030825688425196,0.0800711126573385,-0.081863022606161,0.0225561388159813,0.03160540804829837
2022-08-07,8,-0.0004773416586465,0.0425733851975069,0.0586795373920885,0.0,-0.0588235294117647,1.7293459916313625,0.1754651720568557,2.80788646213042,0.1643050979741093,0.0316054080482983,0.0856575774010777,-0.0030825688425196,0.0800711126573385,-0.081863022606161,-0.005105755641531595
2022-08-14,8,-1.526490982051154e-05,0.0036074948732411,-0.0031383469929588,-0.0625,0.0,1.2655327271198709,0.0535568646775719,2.237323403844346,0.1411518248953062,-0.0051057556415315,0.0316054080482983,0.0856575774010777,-0.0030825688425196,0.0800711126573385,0.04879740092403728
2022-08-21,8,-0.0003674102538522,0.0325582180792678,0.041769095591134,0.1333333333333333,0.1333333333333333,1.65625168501864,0.1028234184373354,2.687271474621883,0.0969642867215479,0.0487974009240372,-0.0051057556415315,0.0316054080482983,0.0856575774010777,-0.0030825688425196,-0.11477483867676275
2022-08-28,8,-0.0018392643842999,-0.0120720068221907,0.0839866080812945,0.0,-0.3703703703703704,1.6821548532934525,0.1830641528064923,2.55648463512803,0.0705650773893197,-0.1147748386767627,0.0487974009240372,-0.0051057556415315,0.0316054080482983,0.0856575774010777,-0.09109665029250857
2022-09-04,9,-0.0055494808335646,-0.0403974950809746,0.1041732429166981,-0.1764705882352941,-0.3333333333333335,1.4242298531645483,0.110611757379152,2.103918286617305,0.076248421972639,-0.0910966502925085,-0.1147748386767627,0.0487974009240372,-0.0051057556415315,0.0316054080482983,0.022739766235877923
2022-09-11,9,-0.0012799415992305,-0.0328760911461284,0.0032006217182125,0.0,-0.125,1.4669918434661902,0.052989909289457,1.7855782443834436,0.0800199237946128,0.0227397662358779,-0.0910966502925085,-0.1147748386767627,0.0487974009240372,-0.0051057556415315,0.09132713009304849
2022-09-18,9,-0.0031295974993592,0.0364654737453684,0.0632703583743099,0.0,-0.125,1.935548146529548,0.1674589881151782,1.8049695998524544,0.0705023656605586,0.0913271300930484,0.0227397662358779,-0.0910966502925085,-0.1147748386767627,0.0487974009240372,-0.11044597782458043
2022-09-25,9,-0.0059759747169337,-0.0477041619133787,-0.0066805492155167,0.0,-0.1764705882352942,1.9057293347809912,0.1593902378123845,1.6881361173602072,0.0782344932407511,-0.1104459778245804,0.0913271300930484,0.0227397662358779,-0.0910966502925085,-0.1147748386767627,-0.03135529233865775
2022-10-02,10,-0.0059651583023146,-0.0464974582594305,-0.0439873057289886,0.1428571428571428,-0.0588235294117649,1.7106995065551005,0.0942461548761552,1.500601565511582,0.0889510352497742,-0.0313552923386577,-0.1104459778245804,0.0913271300930484,0.0227397662358779,-0.0910966502925085,0.01326181530867121
2022-10-09,10,-0.0135563379692403,-0.0291370967960294,-0.0949129524968257,0.0,0.0,2.017745583528801,0.1017899286144548,1.4256676914403872,0.0947407933080701,0.0132618153086712,-0.0313552923386577,-0.1104459778245804,0.0913271300930484,0.0227397662358779,0.020056882582595303
2022-10-16,10,-0.0141712797951775,0.0150713126321249,-0.1187882691045908,0.0,0.0,1.2067067267663214,0.0795120512715568,1.014574898422714,0.0915804279285214,0.0200568825825953,0.0132618153086712,-0.0313552923386577,-0.1104459778245804,0.0913271300930484,-0.009056012082913734
2022-10-23,10,-0.0054784440767958,-0.0155481555969513,-0.1356077767243481,0.0,0.0666666666666664,1.112952746267786,0.0906313593237845,1.1590557629397835,0.085027674616303,-0.0090560120829137,0.0200568825825953,0.0132618153086712,-0.0313552923386577,-0.1104459778245804,0.01595910913057086
2022-10-30,10,-0.0113105467988897,0.0473560382576951,-0.1232199806081565,-0.0625,-0.1176470588235295,0.9408551572374808,0.0548544410054934,1.0706608615123248,0.0511884328271131,0.0159591091305708,-0.0090560120829137,0.0200568825825953,0.0132618153086712,-0.0313552923386577,0.05401422556513902
2022-11-06,11,-0.0009096314060703,0.0395203517420557,-0.0774320796125322,0.0666666666666666,-0.0588235294117648,1.3389422491955665,0.0985161263949638,1.4268803046803675,0.0447354944690788,0.054014225565139,0.0159591091305708,-0.0090560120829137,0.0200568825825953,0.0132618153086712,0.013482015253438728
2022-11-13,11,-0.0059576700859899,-0.03345500966404,-0.0707575302021364,0.3125,0.5,1.4342319994452404,0.0702659752912134,1.364334009379666,0.0477768271564606,0.0134820152534387,0.054014225565139,0.0159591091305708,-0.0090560120829137,0.0200568825825953,-0.21887601300705362
2022-11-20,11,0.000976385844388,0.0589781331635967,0.017498840545733,-0.0952380952380952,0.3571428571428572,1.714151565886086,0.2622156381214967,1.8544776559186464,0.0753008139862534,-0.2188760130070536,0.0134820152534387,0.054014225565139,0.0159591091305708,-0.0090560120829137,-0.003038607213171063
2022-11-27,11,-0.0150396695089782,-0.0069097129175818,-0.0250826088666852,-0.0526315789473684,0.2857142857142858,0.7744024095101874,0.0841788219042872,1.0446459457572743,0.0816640187725308,-0.003038607213171,-0.2188760130070536,0.0134820152534387,0.054014225565139,0.0159591091305708,0.009124563965005272
2022-12-04,12,-0.0069932329706121,0.0153278155214937,0.0394466776649549,0.0,0.2857142857142858,0.7274362939749844,0.0821051015080316,0.9124774245069032,0.0927025711748244,0.0091245639650052,-0.003038607213171,-0.2188760130070536,0.0134820152534387,0.054014225565139,0.041203302984153645
2022-12-11,12,-0.0078597262523943,0.0113210733907582,0.1024766938425167,0.2222222222222223,0.375,0.7463102469570146,0.080878239819536,0.8413340403794798,0.0971996006794491,0.0412033029841536,0.0091245639650052,-0.003038607213171,-0.2188760130070536,0.0134820152534387,-0.0012071999392015975
2022-12-18,12,-0.0015599751647247,-0.0337254709335166,0.0972663026199092,-0.1363636363636363,0.1875,0.7033493972457806,0.0435748670838532,0.7236035331533133,0.1004268094779133,-0.0012071999392015,0.0412033029841536,0.0091245639650052,-0.003038607213171,-0.2188760130070536,-0.02030078928654
2022-12-25,12,0.0186713948365822,-0.0208469949521906,0.0584395245709761,0.1578947368421053,0.375,0.7495673169317016,0.1089039833070433,0.8584741991965716,0.1026512154419275,-0.02030078928654,-0.0012071999392015,0.0412033029841536,0.0091245639650052,-0.003038607213171,0.005609918862291785
2023-01-01,1,-3.200249991852644e-05,-0.0019572417946401,0.073051880091653,0.1818181818181818,0.625,0.5543946727467163,0.0480894916064281,0.7761269887736786,0.1029351930532922,0.0056099188622917,-0.02030078928654,-0.0012071999392015,0.0412033029841536,0.0091245639650052,-0.012794593191227999
2023-01-08,1,0.0014381594912047,-0.0013836798601755,0.0231163813203649,-0.0769230769230768,0.6000000000000005,0.5023577924946829,0.0380124654603612,0.7630366445251936,0.0999472993129135,-0.0127945931912279,0.0056099188622917,-0.02030078928654,-0.0012071999392015,0.0412033029841536,0.03075691696631422
2023-01-15,1,-0.0037024425402677,0.014475843208751,-0.001532916694437,-0.4166666666666666,-0.125,0.5596797400421812,0.0378096872090735,0.8561300780403726,0.0792487403725755,0.0307569169663142,-0.0127945931912279,0.0056099188622917,-0.02030078928654,-0.0012071999392015,0.21857234687639937
2023-01-22,1,-0.0027016718833894,0.0267029175267261,0.0606118470780125,-0.0714285714285714,-0.3809523809523807,1.1844405653988532,0.2424907299990716,1.2417538320680102,0.0786532269845218,0.2185723468763993,0.0307569169663142,-0.0127945931912279,0.0056099188622917,-0.02030078928654,0.0879850513858611
2023-01-29,1,-0.0015143820019518,-0.0066215063927043,-0.005088994798306,0.0,-0.3157894736842103,1.311585312417274,0.1420328376528709,1.233555730187566,0.1223911388841871,0.0879850513858611,0.2185723468763993,0.0307569169663142,-0.0127945931912279,0.0056099188622917,0.04555334976228509
2023-02-05,2,0.0061019449067611,0.0246563342487684,0.0265349251262188,0.0,-0.2777777777777777,1.2848802610156058,0.0731321473336146,1.2149977801322145,0.1509242900338831,0.045553349762285,0.0879850513858611,0.2185723468763993,0.0307569169663142,-0.0127945931912279,-0.034090631488945866
2023-02-12,2,-0.0031685785834842,0.0161943319838056,0.0274110061299712,-0.0769230769230768,-0.3333333333333332,1.306830306468615,0.0739153709014348,1.255130921762741,0.1565939912174914,-0.0340906314889458,0.045553349762285,0.0879850513858611,0.2185723468763993,0.0307569169663142,-0.050118803065114625
2023-02-19,2,-0.0039148142949156,-0.0111254013073917,0.0046074121374364,0.0,-0.4545454545454543,1.2715870533062026,0.0872545176342644,1.2007213084240127,0.153170455273038,-0.0501188030651146,-0.0340906314889458,0.045553349762285,0.0879850513858611,0.2185723468763993,0.11422477705643796
2023-02-26,2,0.0135100541298873,-0.0027796384758682,0.0367808905087965,-0.0833333333333333,-0.4210526315789471,1.6720807154069417,0.1789947558507178,1.4062962501031118,0.1563178422605741,0.1142247770564379,-0.0501188030651146,-0.0340906314889458,0.045553349762285,0.0879850513858611,-0.029536795024341034
2023-03-05,3,0.0152489167004652,-0.0267339038854255,0.0305475085402193,0.0,-0.4999999999999999,1.487182784375142,0.1041507450197775,1.6791260587355672,0.1448219336987764,-0.029536795024341,0.1142247770564379,-0.0501188030651146,-0.0340906314889458,0.045553349762285,-0.04774430743562352
2023-03-12,3,0.0120604352460378,0.0190426292934076,0.0522313138196326,0.0,-0.5769230769230769,1.0745090745422936,0.0861338535375941,1.2357708589543337,0.1240496872767997,-0.0477443074356235,-0.029536795024341,0.1142247770564379,-0.0501188030651146,-0.0340906314889458,-0.01931009208996426
2023-03-19,3,0.0013971800555268,-0.0454934200769222,0.005753353301211,0.0909090909090908,-0.4999999999999999,1.5039237405756558,0.1361153514184421,1.3933916692548858,0.0916059234909513,-0.0193100920899642,-0.0477443074356235,-0.029536795024341,0.1142247770564379,-0.0501188030651146,0.2716611409407872
2023-03-26,3,-0.023930754850665,0.0142557858291532,0.0055351879807346,0.1666666666666667,0.0,2.342759367958404,0.298945588358968,1.7741330660335626,0.0838339615990829,0.2716611409407872,-0.0193100920899642,-0.0477443074356235,-0.029536795024341,0.1142247770564379,-0.00017230981304383608
2023-04-02,4,0.0060970195786005,0.0138766902242737,-0.0070265985511709,-0.0714285714285714,0.0,0.9925478849447594,0.0810159987158986,0.6874683370561906,0.0944743579941079,-0.0001723098130438,0.2716611409407872,-0.0193100920899642,-0.0477443074356235,-0.029536795024341,0.007287601388012321
2023-04-09,4,0.0010838985793739,0.0348326236026785,0.0344106267667854,0.0769230769230768,0.0769230769230768,0.366083403379871,0.0956999147241227,0.2228511829753298,0.1049961063233383,0.0072876013880123,-0.0001723098130438,0.2716611409407872,-0.0193100920899642,-0.0477443074356235,0.005391548377867705
2023-04-16,4,0.0020012705787684,-0.0010439708856231,0.0084656656577961,0.0,0.0769230769230768,0.2309800036919072,0.0558983127495618,0.1632482486184338,0.1130736896334169,0.0053915483778677,0.0072876013880123,-0.0001723098130438,0.2716611409407872,-0.0193100920899642,0.06993739531757104
2023-04-23,4,-0.0003605381350941,0.0079463681053928,0.0002804316713729,-0.1428571428571429,-2.220446049250313e-16,0.310067098990466,0.099916112832477,0.1897196061222858,0.1237559330681223,0.069937395317571,0.0053915483778677,0.0072876013880123,-0.0001723098130438,0.2716611409407872,-0.08955886307876848
2023-04-30,4,-0.0029069153998446,-0.0009957367001478,0.010526933401133,0.0,-2.220446049250313e-16,0.3455942734101496,0.1108740371942797,0.2140525221943917,0.110670123194441,-0.0895588630787684,0.069937395317571,0.0053915483778677,0.0072876013880123,-0.0001723098130438,0.059535131530303875
2023-05-07,5,-0.0012245436879572,0.0086996071145171,0.0221593541696796,0.1666666666666667,0.2727272727272727,0.3622379004036096,0.1121099621283923,0.2356877850098049,0.1103471205864439,0.0595351315303038,-0.0895588630787684,0.069937395317571,0.0053915483778677,0.0072876013880123,-0.027472521833900587
2023-05-14,5,0.0004101005285357,-0.0079698187783607,0.0418660769161014,-0.1428571428571429,0.0909090909090908,0.3004193379414165,0.0736508490346592,0.2204768780610636,0.101370504101548,-0.0274725218339005,0.0595351315303038,-0.0895588630787684,0.069937395317571,0.0053915483778677,-0.05319995357033569
2023-05-21,5,0.0032269017316488,-0.0029422786340284,0.0193887740876597,0.0833333333333332,0.1818181818181816,0.2722282776652514,0.0991748531221673,0.2168969273914186,0.0794594175732673,-0.0531999535703356,-0.0274725218339005,0.0595351315303038,-0.0895588630787684,0.069937395317571,-0.006309621727329517
2023-05-28,5,-0.0012843431245054,0.0164642780935384,0.0855580214367655,0.0769230769230768,0.1666666666666665,0.1864811514970153,0.0483843104941337,0.1582539495379005,0.0370193506356454,-0.0063096217273295,-0.0531999535703356,-0.0274725218339005,0.0595351315303038,-0.0895588630787684,0.04924595611299343
2023-06-04,6,-0.0023446415761088,0.0032132786893068,0.073739225458556,-0.0714285714285714,-0.0714285714285715,0.2051215235929892,0.0893318996941054,0.1524584462848346,0.0369543407630254,0.0492459561129934,-0.0063096217273295,-0.0531999535703356,-0.0274725218339005,0.0595351315303038,-0.03384250846249781
2023-06-11,6,-0.000775815277199,0.0182905515462079,0.0784136953253473,0.0,-2.220446049250313e-16,0.20466739926216,0.0692014718683513,0.1577730566207809,0.0389342741437354,-0.0338425084624978,0.0492459561129934,-0.0063096217273295,-0.0531999535703356,-0.0274725218339005,-0.043874268353444434
2023-06-18,6,-0.0029320643107236,0.0038506714739734,0.0461269653542808,0.0,-0.0714285714285715,0.3113703913920023,0.075262214551248,0.2737491962231051,0.0462344299622627,-0.0438742683534444,-0.0338425084624978,0.0492459561129934,-0.0063096217273295,-0.0531999535703356,0.015985003211117954
2023-06-25,6,-0.0004848553916237,0.0257579916536012,0.074194522803787,0.0769230769230768,-1.1102230246251563e-16,0.2504634056769404,0.0786864998761839,0.2118618108200772,0.0491782884448277,0.0159850032111179,-0.0438742683534444,-0.0338425084624978,0.0492459561129934,-0.0063096217273295,0.15651840150159613
2023-07-02,7,-0.0005978469858395,-0.0138924480507258,0.0509203313966415,0.0714285714285714,0.2499999999999997,0.4655433101028182,0.1964819259543856,0.3041437850578157,0.0503970225531222,0.1565184015015961,0.0159850032111179,-0.0438742683534444,-0.0338425084624978,0.0492459561129934,0.005067515443496928
2023-07-09,7,-0.0047122134215467,0.0234687799684016,0.0766562155257502,0.0,0.2499999999999997,0.3746843668260419,0.0584978270125369,0.2599230251260414,0.0597960532893796,0.0050675154434969,0.1565184015015961,0.0159850032111179,-0.0438742683534444,-0.0338425084624978,-0.01490412362008986
2023-07-16,7,-0.0017639691292073,-0.0115563165392619,0.0550356399359155,0.0,0.0714285714285711,0.3489379218278885,0.0587575146111541,0.2687729613333438,0.063145224244754,-0.0149041236200898,0.0050675154434969,0.1565184015015961,0.0159850032111179,-0.0438742683534444,0.0023633395898174925
2023-07-23,7,-0.0015443094159013,0.0242035031086964,0.0892523420973108,0.0,0.2499999999999997,0.4319343131177158,0.06313511850351,0.3359503958892288,0.0672287412616036,0.0023633395898174,-0.0149041236200898,0.0050675154434969,0.1565184015015961,0.0159850032111179,-0.004903415223410756
2023-07-30,7,-0.0006614643782142,0.0068628451953425,0.0999641132082795,0.1333333333333333,0.3076923076923075,0.3110404890376327,0.0299503836993913,0.2937246507703506,0.0670261508237137,-0.0049034152234107,0.0023633395898174,-0.0149041236200898,0.0050675154434969,0.1565184015015961,-0.026680849295716125
2023-08-06,8,-0.0026233954307915,0.0101160847731871,0.0930944327024461,-0.1764705882352941,-1.1102230246251563e-16,0.3324773312018655,0.0411411476295342,0.3372603943408619,0.0628362706938319,-0.0266808492957161,-0.0049034152234107,0.0023633395898174,-0.0149041236200898,0.0050675154434969,-0.006580014610111928
2023-08-13,8,-0.003190246223827,-0.0227400195974448,0.0648158936617959,0.0,0.0769230769230766,0.5383133474216499,0.049923004915459,0.5339388136033486,0.0619535762359243,-0.0065800146101119,-0.0266808492957161,-0.0049034152234107,0.0023633395898174,-0.0149041236200898,0.007405696149876961
2023-08-20,8,-0.002778894376332,-0.0031219085178079,0.0424251057241669,0.0,0.0769230769230766,0.6136112577440842,0.0530441141030987,0.5943249037659939,0.0574928100047602,0.0074056961498769,-0.0065800146101119,-0.0266808492957161,-0.0049034152234107,0.0023633395898174,-0.10626081769488227
2023-08-27,8,-0.0058853341766501,-0.0211332758369642,0.0164811135975588,0.3571428571428572,0.4615384615384612,1.0170838720892743,0.1545639907384183,0.9967979773093488,0.0555435496660821,-0.1062608176948822,0.0074056961498769,-0.0065800146101119,-0.0266808492957161,-0.0049034152234107,-0.0033684625309136074
2023-09-03,9,-0.0026684458023602,0.0082385329918919,-0.0008799003989035,0.0,0.357142857142857,0.6053339520037945,0.0580095456281023,0.595966844540652,0.0572140442540033,-0.0033684625309136,-0.1062608176948822,0.0074056961498769,-0.0065800146101119,-0.0266808492957161,-0.005001959637220055
2023-09-10,9,0.001826937972456,0.0249812175563077,0.0385067370691742,0.0,0.2666666666666666,0.8692255500200851,0.1076210128198153,0.8602537329756631,0.0650968574344505,-0.00500195963722,-0.0033684625309136,-0.1062608176948822,0.0074056961498769,-0.0065800146101119,-0.00499014100613715
2023-09-17,9,5.2957524644181575e-05,-0.0129058831605685,0.0015976163833202,-0.2105263157894736,0.0,0.5409732549928842,0.0413145941217217,0.6704882868088395,0.0685207003246183,-0.0049901410061371,-0.00500195963722,-0.0033684625309136,-0.1062608176948822,0.0074056961498769,0.02654246387899195
2023-09-24,9,0.0014540595552516,-0.0016085285665251,0.0116777867445643,-0.2666666666666667,-0.2666666666666667,0.808133158613707,0.0768915237446597,0.8996883312267712,0.0671265646796729,0.0265424638789919,-0.0049901410061371,-0.00500195963722,-0.0033684625309136,-0.1062608176948822,-0.01052228422494228
2023-10-01,10,-0.0012733905481462,-0.0292698053173703,-0.0411415583896725,0.0,-0.2666666666666667,0.7467259722539233,0.051323720667232,0.9229252841483946,0.0629296927683909,-0.0105222842249422,0.0265424638789919,-0.0049901410061371,-0.00500195963722,-0.0033684625309136,0.06644943421270177
2023-10-08,10,-0.0037911599003148,-0.0074096193108429,-0.0547335517179045,0.0,-0.3529411764705882,0.7601390664145408,0.0790543724777024,1.1084213741410915,0.0545049357940043,0.0664494342127017,-0.0105222842249422,0.0265424638789919,-0.0049901410061371,-0.00500195963722,-0.002697858753233473
2023-10-15,10,0.0011636752918031,0.0047690675248655,-0.059737289485687,-0.0909090909090909,-0.2857142857142858,0.9063263071982716,0.0507098666861003,1.429853405903749,0.0491780805071978,-0.0026978587532334,0.0664494342127017,-0.0105222842249422,0.0265424638789919,-0.0049901410061371,-0.02732738595231221
2023-10-22,10,-9.475449681994874e-06,0.0044748752466055,-0.0335527006295179,0.1999999999999999,-0.142857142857143,0.6823345596666741,0.0519134178169191,1.2195676672477598,0.0424414936858418,-0.0273273859523122,-0.0026978587532334,0.0664494342127017,-0.0105222842249422,0.0265424638789919,0.10452582754385609
2023-10-29,10,0.0047956980653884,-0.023942991556872,-0.0537381973768215,0.1666666666666667,-1.1102230246251563e-16,1.2765355657504267,0.1203252984627759,1.7582042497230443,0.0485469286373263,0.104525827543856,-0.0273273859523122,-0.0026978587532334,0.0664494342127017,-0.0105222842249422,0.15115232295050163
2023-11-05,11,0.0020843278718571,-0.0252807658800803,-0.0577475393103894,-0.1428571428571429,-0.3684210526315791,1.832350965086012,0.1799252212055964,1.8651194771158728,0.0962740600267969,0.1511523229505016,0.104525827543856,-0.0273273859523122,-0.0026978587532334,0.0664494342127017,0.014076103469019774
2023-11-12,11,0.0011664845203211,0.0585252236257611,-0.010751955984393,0.0833333333333332,-0.3157894736842107,1.253944372074351,0.0567687195807897,1.382556029706398,0.1191050869314011,0.0140761034690197,0.1511523229505016,0.104525827543856,-0.0273273859523122,-0.0026978587532334,0.05861581840221097
2023-11-19,11,0.0077346325707754,0.0130554293607199,-0.0222619841134515,-0.0769230769230768,-0.3684210526315791,1.3943954237606089,0.0985145332057195,1.4063398786309391,0.1391766425356807,0.0586158184022109,0.0140761034690197,0.1511523229505016,0.104525827543856,-0.0273273859523122,0.007978873374338002
2023-11-26,11,0.0098385267162179,0.0223725097616438,0.0126820250858668,0.0,-0.2,1.3729685944434715,0.0857972384620926,1.387509006316722,0.1454292513264833,0.007978873374338,0.0586158184022109,0.0140761034690197,0.1511523229505016,0.104525827543856,0.0023439595330390084
2023-12-03,12,0.012107774551693,0.0100398314584337,0.0244971148142154,0.0,0.0909090909090908,1.2470281201644902,0.0744646994032363,1.3768318230998349,0.1443056319173031,0.002343959533039,0.007978873374338,0.0586158184022109,0.0140761034690197,0.1511523229505016,0.06742331850276506
2023-12-10,12,0.0072277614558404,0.0077401553733653,0.0635569876344306,0.25,0.3636363636363635,1.2339695367715284,0.0946126595637296,1.2750780571614797,0.1418165822644718,0.067423318502765,0.002343959533039,0.007978873374338,0.0586158184022109,0.0140761034690197,0.09549747750064674
2023-12-17,12,0.0066957215486525,0.002119866017503,0.0737677965508794,-0.1333333333333333,0.1818181818181818,1.950922669721472,0.1182755240759466,1.544937180682634,0.151927142378396,0.0954974775006467,0.067423318502765,0.002343959533039,0.007978873374338,0.0586158184022109,-0.05514699753434105
2023-12-24,12,0.0054749788612655,0.0249371792449346,0.0953208773354992,0.0769230769230768,0.3999999999999999,1.5992683248457007,0.0818118498726863,1.483103031504654,0.1379499504753106,-0.055146997534341,0.0954974775006467,0.067423318502765,0.002343959533039,0.007978873374338,0.03907827619085591
2023-12-31,12,0.0071589936323297,0.0075097633280287,0.0986302446057794,0.0,0.1666666666666667,1.3309018715017642,0.0931809920279669,1.3589311881769006,0.1112332180017546,0.0390782761908559,-0.055146997534341,0.0954974775006467,0.067423318502765,0.002343959533039,-0.016466510821906644
2024-01-07,1,0.0026181730071792,0.0031968838795026,0.129178345517215,0.1428571428571428,0.1428571428571428,1.1944089472032289,0.0582049940104439,1.1621539773579628,0.085360424133773,-0.0164665108219066,0.0390782761908559,-0.055146997534341,0.0954974775006467,0.067423318502765,0.03891439655771811
2024-01-14,1,0.0115643340279154,-0.0152185717310679,0.1408350476153463,0.375,0.8333333333333333,1.6165899817874303,0.1213149406932903,1.491810606440744,0.0799844170290595,0.0389143965577181,-0.0164665108219066,0.0390782761908559,-0.055146997534341,0.0954974775006467,-0.05000498531494668
2024-01-21,1,0.0194027590540672,0.0184342294624078,0.0976266193091865,-0.3636363636363636,0.0769230769230771,2.310616933350292,0.1700352455017766,1.916277344846816,0.0656979754687848,-0.0500049853149466,0.0389143965577181,-0.0164665108219066,0.0390782761908559,-0.055146997534341,-0.00364273758846545
2024-01-28,1,0.0066552073807946,0.0117019208458495,0.0961601181362732,0.0,0.1666666666666665,1.0696011334157438,0.079027660795522,1.0572458311816706,0.0567496716465901,-0.0036427375884654,-0.0500049853149466,0.0389143965577181,-0.0164665108219066,0.0390782761908559,0.010839981308469637
2024-02-04,2,0.0062804794500059,0.0105706628979236,0.0835064975343484,-0.0714285714285714,0.0833333333333332,1.1395775287865753,0.1031180135217814,1.147436624338809,0.0456553388554211,0.0108399813084696,-0.0036427375884654,-0.0500049853149466,0.0389143965577181,-0.0164665108219066,0.013128862322292045
2024-02-11,2,0.0129364311899673,0.013829567549995,0.0875718854044662,0.0,0.0833333333333332,0.8799643814490291,0.0494272686502003,0.8586485801348334,0.0279807497164578,0.013128862322292,0.0108399813084696,-0.0036427375884654,-0.0500049853149466,0.0389143965577181,0.13425841558861218
2024-02-18,2,0.0069087079952037,0.0137135205228884,0.0940184519754581,0.2307692307692308,0.0666666666666666,1.1653580165606447,0.1487583742574482,1.1136022323847234,0.0473616673431743,0.1342584155886121,0.013128862322292,0.0108399813084696,-0.0036427375884654,-0.0500049853149466,0.07945508891409703
2024-02-25,2,0.0104359949962846,-0.0041857235791119,0.0871346134215975,-0.0625,0.1538461538461537,1.465094025515418,0.1057269151138716,1.1799722765636151,0.0804901418387181,0.079455088914097,0.1342584155886121,0.013128862322292,0.0108399813084696,-0.0036427375884654,-0.007841163596301826
2024-03-03,3,0.005973731435183,0.0166274769906324,0.0783206440088235,0.4666666666666665,0.5714285714285716,1.0423765254478816,0.0472594868049364,1.0243497498560643,0.0928569572116571,-0.0078411635963018,0.079455088914097,0.1342584155886121,0.013128862322292,0.0108399813084696,0.22009226959424
2024-03-10,3,0.011901182806548,0.0094875019650997,0.0804373841918297,0.3181818181818181,1.0714285714285716,2.061365909678559,0.253215758711048,1.598515671681255,0.1494701583933882,0.22009226959424,-0.0078411635963018,0.079455088914097,0.1342584155886121,0.013128862322292,0.09256128239120431
2024-03-17,3,0.0222315188808228,-0.0026065391233931,0.0741871303589434,-0.1034482758620689,0.625,2.418883849792573,0.1740502142394148,1.9228161362823084,0.1941416614700706,0.0925612823912043,0.22009226959424,-0.0078411635963018,0.079455088914097,0.1342584155886121,-0.008155939711015359
2024-03-24,3,0.0256119758679673,-0.0012881341377014,0.0893822755490458,-0.2692307692307693,-0.1363636363636363,2.3367250900526355,0.1340567330878816,1.7843949886515833,0.2119493884563293,-0.0081559397110153,0.0925612823912043,0.22009226959424,-0.0078411635963018,0.079455088914097,-0.01730413483858384
2024-03-31,3,0.0146167147064157,0.0228821459071464,0.0941400509633494,0.0,0.3571428571428572,1.754129143732675,0.1196166827037727,1.501827744669965,0.2073550407818304,-0.0173041348385838,-0.0081559397110153,0.0925612823912043,0.22009226959424,-0.0078411635963018,0.06055677139663307
2024-04-07,4,0.0088738509842787,0.003853516692204,0.0856521227072959,-0.1052631578947368,0.2142857142857144,1.0582773290562857,0.0801142687100133,1.0486881689592673,0.1983811168009568,0.060556771396633,-0.0173041348385838,-0.0081559397110153,0.0925612823912043,0.22009226959424,-0.026930692069206952
2024-04-14,4,0.0148032836958891,-0.0095178280853007,0.0640711351735954,-0.0588235294117647,0.2307692307692308,1.1549956410179625,0.0953305274971941,1.045900057798094,0.1745038113766475,-0.0269306920692069,0.060556771396633,-0.0173041348385838,-0.0081559397110153,0.0925612823912043,-0.05332366210743633
2024-04-21,4,0.0057167901520964,-0.0155504828662232,0.0332351203260588,0.1875,0.4615384615384617,1.4074901019304138,0.17499067911681,1.2335991640119346,0.1365614921099496,-0.0533236621074363,-0.0269306920692069,0.060556771396633,-0.0173041348385838,-0.0081559397110153,-0.010975781367077109
2024-04-28,4,0.0188754287023256,-0.0304836036936337,-0.0118131305193759,-0.3157894736842105,-0.1875,1.1419548056418531,0.1106740062913244,1.1624130851793746,0.1076413411439538,-0.0109757813670771,-0.0533236621074363,-0.0269306920692069,0.060556771396633,-0.0173041348385838,-0.02806433209143966
2024-05-05,5,0.0122621901987731,0.0267211302879071,0.0188569933094533,0.0,-0.1333333333333335,0.6928408734330221,0.0745461082841928,0.6964455941967005,0.084204637955146,-0.0280643320914396,-0.0109757813670771,-0.0533236621074363,-0.0269306920692069,0.060556771396633,0.014153984988898527
2024-05-12,5,0.0006525275465152,0.0054569055443571,0.0076619242257505,-0.1538461538461538,-0.5,1.030335685097655,0.1296159516795519,0.8209065977066363,0.0428366805399037,0.0141539849888985,-0.0280643320914396,-0.0109757813670771,-0.0533236621074363,-0.0269306920692069,-0.039492751359120226
2024-05-19,5,0.0003858418627953,0.0185050479836343,0.0166631627305786,0.0909090909090908,-0.5862068965517242,0.6403406250981636,0.08299818783978,0.6474397123213669,0.0468038779263215,-0.0394927513591202,0.0141539849888985,-0.0280643320914396,-0.0109757813670771,-0.0533236621074363,0.07790678516472327
2024-05-26,5,0.0023624660328545,0.0154307750044038,0.0350489588558244,0.0833333333333332,-0.5,0.7136998865899041,0.1130503870925769,0.6287337167459212,0.0450607563042293,0.0779067851647232,-0.0394927513591202,0.0141539849888985,-0.0280643320914396,-0.0109757813670771,0.03370340801771321
2024-06-02,6,0.0017791775128233,0.0002734162130157,0.0366673245926887,-0.0769230769230768,-0.368421052631579,0.8601458305559081,0.0893063644868274,0.7647151371796894,0.0451987689851989,0.0337034080177132,0.0779067851647232,-0.0394927513591202,0.0141539849888985,-0.0280643320914396,-0.010831487919527705
2024-06-09,6,-0.0017735453088025,-0.0051293941998823,0.0082782785460189,0.0833333333333332,-0.3157894736842106,0.6278966668461607,0.0586439445393486,0.6264026861460523,0.0455563808122122,-0.0108314879195277,0.0337034080177132,0.0779067851647232,-0.0394927513591202,0.0141539849888985,0.027779716649871
2024-06-16,6,0.0022881684789046,0.0131652995446716,0.0176311056553142,-0.0769230769230768,-0.2941176470588236,0.6700528670049005,0.0647015403976235,0.5887229117717158,0.0415702110616305,0.027779716649871,-0.0108314879195277,0.0337034080177132,0.0779067851647232,-0.0394927513591202,-0.04266115362161871
2024-06-23,6,0.0011503712922924,0.0158238560386312,0.0436674006694415,0.0,-0.25,0.6792348255589051,0.0734827845391443,0.7373099024389227,0.0381630890781373,-0.0426611536216187,0.027779716649871,-0.0108314879195277,0.0337034080177132,0.0779067851647232,-0.05199494217410017
2024-06-30,6,0.0040838132184548,0.0060792400029456,0.0665982226681065,-0.0833333333333333,-0.4210526315789474,0.5821374991630156,0.0617979011009216,0.6970799108926024,0.0403216189206506,-0.0519949421741001,-0.0426611536216187,0.027779716649871,-0.0108314879195277,0.0337034080177132,-0.006929282245011548
2024-07-07,7,-0.0004226524842524,-0.0007576007114858,0.0993008175582776,0.1818181818181818,-1.1102230246251563e-16,0.6284945032148423,0.0785919825040369,0.7368452948055114,0.0426276587943998,-0.0069292822450115,-0.0519949421741001,-0.0426611536216187,0.027779716649871,-0.0108314879195277,-0.11014781906776605
2024-07-14,7,0.0014698923394012,0.0195422380450069,0.0916144440348554,-0.0769230769230768,-0.0769230769230769,0.8490009624849272,0.1652938945240084,1.103725760823833,0.0631003181543586,-0.110147819067766,-0.0069292822450115,-0.0519949421741001,-0.0426611536216187,0.027779716649871,0.08844063166815896
2024-07-21,7,0.0044281193285213,0.0086506837381157,0.0950818968795526,0.0833333333333332,0.1818181818181816,0.6379594586243497,0.1281921006212023,1.011071117358804,0.0661558331454811,0.0884406316681589,-0.110147819067766,-0.0069292822450115,-0.0519949421741001,-0.0426611536216187,0.12117900105447688
2024-07-28,7,0.007259744917401,-0.0196514910023418,0.0540565380226247,0.0,0.0833333333333332,0.7971373628998617,0.1272142414106011,1.0752164134871804,0.0659870741874341,0.1211790010544768,0.0884406316681589,-0.110147819067766,-0.0069292822450115,-0.0519949421741001,0.0012402197363059475
2024-08-04,8,0.0070520610391606,-0.0083378746594005,0.0293837575684439,0.0,0.0,0.7570662007403195,0.0871893124586026,0.8957513010762143,0.0674903861975487,0.0012402197363059,0.1211790010544768,0.0884406316681589,-0.110147819067766,-0.0069292822450115,-0.147822677490422
2024-08-11,8,-0.0040865539925047,-0.0206151197083768,0.0078873154473753,0.1538461538461537,0.2499999999999997,0.9428538304413938,0.1898497110910672,1.199408186897887,0.0737388556485206,-0.147822677490422,0.0012402197363059,0.1211790010544768,0.0884406316681589,-0.110147819067766,0.009483846563848486
2024-08-18,8,0.0108845614524213,-0.0004488867608332,0.0126290618113467,-0.1999999999999999,-0.0769230769230769,1.4361822111436997,0.2363291552758721,1.745980629630963,0.0762563545089903,0.0094838465638484,-0.147822677490422,0.0012402197363059,0.1211790010544768,0.0884406316681589,-0.0048582424996069795
2024-08-25,8,0.0108226147487617,0.0393120714948653,0.0387619950663828,0.0,-1.1102230246251563e-16,0.7547763160226445,0.0974486051458469,1.0667810306992591,0.0716866666403984,-0.0048582424996069,0.0094838465638484,-0.147822677490422,0.0012402197363059,0.1211790010544768,0.09914278159115564
2024-09-01,9,0.0086088329368709,0.0144682000270062,0.0373757272258632,-0.0833333333333333,-0.0833333333333334,0.7580018875662499,0.1234473238988247,1.109431158754143,0.0684471467818088,0.0991427815911556,-0.0048582424996069,0.0094838465638484,-0.147822677490422,0.0012402197363059,-0.10772563064465901
2024-09-08,9,0.0027392555273746,0.0024473743524395,0.0336308837576995,0.0,-1.1102230246251563e-16,0.8126195091312738,0.1133603415385147,1.5244458608525555,0.0723369334903881,-0.107725630644659,0.0991427815911556,-0.0048582424996069,0.0094838465638484,-0.147822677490422,-0.04244033265237823
2024-09-15,9,0.002174601527684,-0.0424863678209758,-0.0095339603844354,0.0,-0.1538461538461539,0.8766731022878329,0.1266915489696043,1.6906917356176232,0.0797167823384992,-0.0424403326523782,-0.107725630644659,0.0991427815911556,-0.0048582424996069,0.0094838465638484,0.07767548539774505
2024-09-22,9,0.0058384862669458,0.0402335617426161,0.0105672700231174,0.0,-0.0833333333333334,0.8105950292529586,0.1099516219715892,1.650863281431689,0.0752830228297965,0.077675485397745,-0.0424403326523782,-0.107725630644659,0.0991427815911556,-0.0048582424996069,0.075200568220253
2024-09-29,9,0.0045590561980624,0.0136028666801752,0.0155288628491543,0.0,-0.1538461538461539,0.8952980879565866,0.1122914834607318,1.868223728385081,0.0763042583610381,0.075200568220253,0.077675485397745,-0.0424403326523782,-0.107725630644659,0.0991427815911556,0.031822734510707607
2024-10-06,10,0.0054788110373416,0.0062463283969451,0.0423560399636691,0.0,-0.1538461538461539,0.7119990166956475,0.0622731553745307,1.6114885937386945,0.0704167106060509,0.0318227345107076,0.075200568220253,0.077675485397745,-0.0424403326523782,-0.107725630644659,-0.04240876156081175
2024-10-13,10,-0.0018568987373778,0.0022481034894399,0.0534831748823061,-0.0909090909090909,-0.2307692307692309,0.88147729705585,0.0882700088000352,1.8428812002025985,0.0582611143581191,-0.0424087615608117,0.0318227345107076,0.075200568220253,0.077675485397745,-0.0424403326523782,0.0007976770421986856
2024-10-20,10,-0.0027368808201591,0.0111214087117701,0.0876208253531236,0.1,-0.2666666666666665,0.7294170538385246,0.0880642777106812,1.543091150107674,0.0578034390391658,0.0007976770421986,-0.0424087615608117,0.0318227345107076,0.075200568220253,0.077675485397745,0.0980112619655602
2024-10-27,10,0.000706341972062,0.0085364993817744,0.0973979072482853,0.0,-0.0833333333333333,1.066347412969618,0.1104213105069793,1.677940188156979,0.0692398145641778,0.0980112619655602,0.0007976770421986,-0.0424087615608117,0.0318227345107076,0.075200568220253,-0.01463509888676262
2024-11-03,11,-0.0002004260810345,-0.0096424862780003,0.0457073412251876,0.1818181818181818,0.0833333333333332,0.9208108356508296,0.0617035577703094,1.4397321802355791,0.0718904945820162,-0.0146350988867626,0.0980112619655602,0.0007976770421986,-0.0424087615608117,0.0318227345107076,0.011088961316756407
2024-11-10,11,0.003213059469908,-0.0136567426292845,0.0167163299678236,0.4615384615384614,0.7272727272727273,1.2532469445315926,0.0902857603214504,1.5872191013521149,0.0773794729635029,0.0110889613167564,-0.0146350988867626,0.0980112619655602,0.0007976770421986,-0.0424087615608117,0.16857656283828115
2024-11-17,11,0.0176842106956451,0.0465612344644601,0.0614581120317252,1.210526315789474,2.818181818181819,1.955248459615952,0.2132284827888337,1.983222392559398,0.1045352747091187,0.1685765628382811,0.0110889613167564,-0.0146350988867626,0.0980112619655602,0.0007976770421986,0.11802885180678735
2024-11-24,11,0.0297463359872849,-0.0208354877125329,0.0854593393264573,-0.119047619047619,2.363636363636364,2.6723003573066486,0.1623693962461869,2.7206072302450965,0.1348517898772374,0.1180288518067873,0.1685765628382811,0.0110889613167564,-0.0146350988867626,0.0980112619655602,0.08952157780466274
2024-12-01,12,0.0333303985596351,0.0168159410760704,0.0610236010536753,-0.3243243243243243,1.272727272727273,1.9968287803557088,0.1136386248305343,1.9216433862482367,0.1690627392682143,0.0895215778046627,0.1180288518067873,0.1685765628382811,0.0110889613167564,-0.0146350988867626,-0.007301937772446254
2024-12-08,12,0.0263695544483635,0.0105606314935988,0.0578390369220782,0.4399999999999999,2.272727272727273,1.50043645410728,0.0825403051377399,1.674906661178175,0.1832861592340773,-0.0073019377724462,0.0895215778046627,0.1180288518067873,0.1685765628382811,0.0110889613167564,0.04038074529470448
2024-12-15,12,0.0218623918273592,0.0095965439842982,0.0613610262505293,-0.25,1.4545454545454546,1.870497233464339,0.1398155706266707,1.6596255843603285,0.1930925480044459,0.0403807452947044,-0.0073019377724462,0.0895215778046627,0.1180288518067873,0.1685765628382811,0.03317588371192093
2024-12-22,12,0.0250240755628667,-0.006433212320636,0.0521676835788815,-0.037037037037037,1.6,1.3914918093566804,0.1097813659632715,1.71227100236237,0.1897257032822811,0.0331758837119209,0.0403807452947044,-0.0073019377724462,0.0895215778046627,0.1180288518067873,-0.08881261380117689
2024-12-29,12,0.01141381293428,-0.0198708001368348,0.0199173521030846,-0.1923076923076923,0.9090909090909092,1.648523455146473,0.1543159513627615,1.5291572922955847,0.1649034369242538,-0.0888126138011768,0.0331758837119209,0.0403807452947044,-0.0073019377724462,0.0895215778046627,-0.015213013389431151
2025-01-05,1,-0.0004822943361655,0.0067427097296339,0.0181033203914287,-0.0476190476190476,0.8181818181818181,0.8003121562636728,0.0782013962516446,0.9385148341964054,0.1445925051920508,-0.0152130133894311,-0.0888126138011768,0.0331758837119209,0.0403807452947044,-0.0073019377724462,0.0493439174210728
2025-01-12,1,-0.0036084524170528,-0.0047514252600974,0.0231314091306651,-0.05,0.461538461538461,0.6344330586133413,0.0794389138514409,0.6488015083978954,0.1153019355359183,0.0493439174210728,-0.0152130133894311,-0.0888126138011768,0.0331758837119209,0.0403807452947044,-0.038820759018502904
2025-01-19,1,0.0051053821819686,-0.0194245827071908,0.0171484429548944,0.1052631578947369,0.1052631578947365,0.967350394355272,0.1171237005229881,0.8888837040992618,0.0693590052859602,-0.0388207590185029,0.0493439174210728,-0.0152130133894311,-0.0888126138011768,0.0331758837119209,0.07178069377712615
2025-01-26,1,0.0066288836779897,0.0291091188665257,0.0001868055254405,0.3809523809523809,-0.3095238095238096,1.3192976598523536,0.1815614500047436,0.929214961013852,0.0438019566331778,0.0717806937771261,-0.0388207590185029,0.0493439174210728,-0.0152130133894311,-0.0888126138011768,0.012714990994415531
2025-02-02,2,0.0313471196116823,0.0174397081041779,0.0392837553784777,-0.3448275862068966,-0.4864864864864866,1.4319198586450224,0.0990609343169162,1.145625903244856,0.0367950241055598,0.0127149909944155,0.0717806937771261,-0.0388207590185029,0.0493439174210728,-0.0152130133894311,-0.04793812122393304
2025-02-09,2,0.0118047809607604,-0.0099504363047511,0.0119259415613786,0.0526315789473683,-0.1999999999999999,0.9857019707448278,0.1004427888868847,1.1141698914576652,0.0368540641503,-0.047938121223933,0.0127149909944155,0.0717806937771261,-0.0388207590185029,0.0493439174210728,-0.01266972901596597
2025-02-16,2,0.0222001635811095,-0.0024070735514929,-0.0010592834005814,-0.25,-0.5833333333333333,1.1025664241414916,0.1153422922011013,1.008012464346708,0.0372743447286347,-0.0126697290159659,-0.047938121223933,0.0127149909944155,0.0717806937771261,-0.0388207590185029,-0.0035726744261386223
2025-02-23,2,0.0076951631788555,0.0147096161792503,0.0039998226679607,-0.0666666666666666,-0.4814814814814814,0.5999094961273469,0.0491150210832679,0.6576956828649481,0.0369817179017259,-0.0035726744261386,-0.0126697290159659,-0.047938121223933,0.0127149909944155,0.0717806937771261,0.0014552927169195762
2025-03-02,3,0.0031344921032105,-0.0165995325964122,-0.0062732499433985,0.2857142857142858,-0.3076923076923078,0.6235456397096303,0.0633273934196799,0.5727088622451798,0.0294366609493974,0.0014552927169195,-0.0035726744261386,-0.0126697290159659,-0.047938121223933,0.0127149909944155,-0.020652828855783456
2025-03-09,3,-0.0011558334102007,-0.0097503296951837,0.0039876240336549,-0.0555555555555555,-0.1904761904761904,1.54719345110589,0.1895061189719295,1.4637049011765957,0.0303512907549662,-0.0206528288557834,0.0014552927169195,-0.0035726744261386,-0.0126697290159659,-0.047938121223933,-0.14358364272833357
2025-03-16,3,0.0073740784744271,-0.0309513813082542,-0.0336033120967903,-0.0588235294117647,-0.2,1.1544435508489757,0.1529273525965156,1.4268273716596525,0.062111142458282,-0.1435836427283335,-0.0206528288557834,0.0014552927169195,-0.0035726744261386,-0.0126697290159659,0.022792770910332383
2025-03-23,3,0.0082951676577609,-0.0227479116841704,-0.0510780870580749,-0.125,-0.263157894736842,0.7905339738830792,0.1078066025816975,0.8690051936036884,0.0761410037416068,0.0227927709103323,-0.1435836427283335,-0.0206528288557834,0.0014552927169195,-0.0035726744261386,0.042482470078848866
2025-03-30,3,0.0056205837821221,0.0050754219764708,-0.0273689557648479,-0.0714285714285714,-0.3809523809523809,0.4309811311861384,0.0765249377168646,0.474659086455818,0.0816243105280686,0.0424824700788488,0.0227927709103323,-0.1435836427283335,-0.0206528288557834,0.0014552927169195,-0.04289501350448688
2025-04-06,4,0.0067843362995705,-0.0152834729583808,-0.0693252577268013,0.0769230769230768,-0.5172413793103449,0.5618128279810114,0.0836456887288356,0.4936859416703842,0.0851257363448633,-0.0428950135044868,0.0424824700788488,0.0227927709103323,-0.1435836427283335,-0.0206528288557834,-0.048063969907023996
2025-04-13,4,0.0019492583267595,-0.0908198260508086,-0.1683526627374107,0.0714285714285714,-0.2105263157894736,0.7446357834507755,0.137712950600801,0.7923311886111766,0.0866065217580783,-0.0480639699070239,-0.0428950135044868,0.0424824700788488,0.0227927709103323,-0.1435836427283335,0.06795868927706228
